support,itemsets
0.8436706267922982,frozenset({'Revenue_Label_Revenue_No'})
0.7763211798443261,frozenset({'PageValues_Bin_Low'})
0.7657517410897173,frozenset({'Weekend_Label_Weekday'})
0.746005735354363,"frozenset({'PageValues_Bin_Low', 'Revenue_Label_Revenue_No'})"
0.6503072511265875,"frozenset({'Weekend_Label_Weekday', 'Revenue_Label_Revenue_No'})"
0.5980335927898403,"frozenset({'PageValues_Bin_Low', 'Weekend_Label_Weekday'})"
0.5759934453092994,"frozenset({'PageValues_Bin_Low', 'Weekend_Label_Weekday', 'Revenue_Label_Revenue_No'})"
0.5034821794346579,frozenset({'ExitRates_Bin_Low'})
0.5002867677181483,frozenset({'BounceRates_Bin_Low'})
0.4997132322818517,frozenset({'BounceRates_Bin_High'})
0.49651782056534205,frozenset({'ExitRates_Bin_High'})
0.4584186808684965,"frozenset({'ExitRates_Bin_High', 'Revenue_Label_Revenue_No'})"
0.4407210159770586,"frozenset({'BounceRates_Bin_High', 'Revenue_Label_Revenue_No'})"
0.4384268742318722,"frozenset({'ExitRates_Bin_High', 'PageValues_Bin_Low'})"
0.42490782466202376,"frozenset({'ExitRates_Bin_High', 'PageValues_Bin_Low', 'Revenue_Label_Revenue_No'})"
0.40294961081523967,"frozenset({'BounceRates_Bin_Low', 'Revenue_Label_Revenue_No'})"
0.3970503891847603,"frozenset({'PageValues_Bin_Low', 'BounceRates_Bin_High'})"
0.39131503482179436,"frozenset({'ExitRates_Bin_High', 'Weekend_Label_Weekday'})"
0.385415813191315,"frozenset({'BounceRates_Bin_High', 'Weekend_Label_Weekday'})"
0.38525194592380174,"frozenset({'ExitRates_Bin_Low', 'Revenue_Label_Revenue_No'})"
0.38230233510856204,"frozenset({'PageValues_Bin_Low', 'BounceRates_Bin_High', 'Revenue_Label_Revenue_No'})"
0.3803359278984023,"frozenset({'Weekend_Label_Weekday', 'BounceRates_Bin_Low'})"
0.37927079065956576,"frozenset({'PageValues_Bin_Low', 'BounceRates_Bin_Low'})"
0.37443670626792297,"frozenset({'ExitRates_Bin_Low', 'Weekend_Label_Weekday'})"
0.3637034002458009,"frozenset({'PageValues_Bin_Low', 'BounceRates_Bin_Low', 'Revenue_Label_Revenue_No'})"
0.3622285948381811,"frozenset({'ExitRates_Bin_High', 'Weekend_Label_Weekday', 'Revenue_Label_Revenue_No'})"
0.3569029086439984,frozenset({'ProductRelated_Bin_Low'})
0.34944694797214254,"frozenset({'ExitRates_Bin_Low', 'BounceRates_Bin_Low'})"
0.34567800081933636,"frozenset({'ExitRates_Bin_High', 'BounceRates_Bin_High'})"
0.34559606718557967,"frozenset({'ExitRates_Bin_High', 'PageValues_Bin_Low', 'Weekend_Label_Weekday'})"
0.3413355182302335,"frozenset({'Weekend_Label_Weekday', 'BounceRates_Bin_High', 'Revenue_Label_Revenue_No'})"
0.3378943056124539,"frozenset({'ExitRates_Bin_Low', 'PageValues_Bin_Low'})"
0.3360917656698075,"frozenset({'ExitRates_Bin_High', 'PageValues_Bin_Low', 'Weekend_Label_Weekday', 'Revenue_Label_Revenue_No'})"
0.3356001638672675,"frozenset({'ProductRelated_Bin_Low', 'PageValues_Bin_Low'})"
0.3333879557558378,frozenset({'ProductRelated_Duration_Bin_Medium'})
0.3333060221220811,frozenset({'ProductRelated_Duration_Bin_Long'})
0.3333060221220811,frozenset({'ProductRelated_Duration_Bin_Short'})
0.331667349446948,frozenset({'ProductRelated_Bin_High'})
0.3304383449405981,"frozenset({'ProductRelated_Bin_Low', 'Revenue_Label_Revenue_No'})"
0.32675133142154855,"frozenset({'ProductRelated_Bin_Low', 'PageValues_Bin_Low', 'Revenue_Label_Revenue_No'})"
0.32109791069233923,"frozenset({'ExitRates_Bin_Low', 'PageValues_Bin_Low', 'Revenue_Label_Revenue_No'})"
0.32060630888979924,"frozenset({'ExitRates_Bin_High', 'BounceRates_Bin_High', 'Revenue_Label_Revenue_No'})"
0.319950839819746,"frozenset({'PageValues_Bin_Low', 'ProductRelated_Duration_Bin_Short'})"
0.31421548545678,"frozenset({'ProductRelated_Duration_Bin_Short', 'Revenue_Label_Revenue_No'})"
0.31142974190905365,frozenset({'ProductRelated_Bin_Medium'})
0.311347808275297,"frozenset({'PageValues_Bin_Low', 'ProductRelated_Duration_Bin_Short', 'Revenue_Label_Revenue_No'})"
0.30897173289635393,"frozenset({'Weekend_Label_Weekday', 'BounceRates_Bin_Low', 'Revenue_Label_Revenue_No'})"
0.30880786562884066,"frozenset({'PageValues_Bin_Low', 'BounceRates_Bin_High', 'Weekend_Label_Weekday'})"
0.3000409668168783,"frozenset({'ExitRates_Bin_High', 'PageValues_Bin_Low', 'BounceRates_Bin_High'})"
0.2975829578041786,"frozenset({'Weekend_Label_Weekday', 'PageValues_Bin_Low', 'BounceRates_Bin_High', 'Revenue_Label_Revenue_No'})"
0.29160180253994267,"frozenset({'ExitRates_Bin_High', 'PageValues_Bin_Low', 'BounceRates_Bin_High', 'Revenue_Label_Revenue_No'})"
0.2892257271609996,"frozenset({'PageValues_Bin_Low', 'Weekend_Label_Weekday', 'BounceRates_Bin_Low'})"
0.2880786562884064,"frozenset({'ExitRates_Bin_Low', 'Weekend_Label_Weekday', 'Revenue_Label_Revenue_No'})"
0.2794756247439574,"frozenset({'ProductRelated_Bin_Low', 'ProductRelated_Duration_Bin_Short'})"
0.2784104875051209,"frozenset({'PageValues_Bin_Low', 'Weekend_Label_Weekday', 'BounceRates_Bin_Low', 'Revenue_Label_Revenue_No'})"
0.2777550184350676,"frozenset({'ProductRelated_Bin_Low', 'Weekend_Label_Weekday'})"
0.2747234739860713,"frozenset({'ProductRelated_Duration_Bin_Medium', 'Revenue_Label_Revenue_No'})"
0.2729209340434248,"frozenset({'ExitRates_Bin_High', 'BounceRates_Bin_High', 'Weekend_Label_Weekday'})"
0.2693158541581319,"frozenset({'ProductRelated_Bin_Low', 'PageValues_Bin_Low', 'ProductRelated_Duration_Bin_Short'})"
0.2651372388365424,"frozenset({'ExitRates_Bin_Low', 'BounceRates_Bin_Low', 'Revenue_Label_Revenue_No'})"
0.26382630069643587,"frozenset({'ProductRelated_Bin_Low', 'ProductRelated_Duration_Bin_Short', 'Revenue_Label_Revenue_No'})"
0.2619418271200328,"frozenset({'ExitRates_Bin_Low', 'Weekend_Label_Weekday', 'BounceRates_Bin_Low'})"
0.2619418271200328,"frozenset({'ProductRelated_Bin_Low', 'PageValues_Bin_Low', 'ProductRelated_Duration_Bin_Short', 'Revenue_Label_Revenue_No'})"
0.2615321589512495,"frozenset({'ProductRelated_Bin_Low', 'PageValues_Bin_Low', 'Weekend_Label_Weekday'})"
0.2609586235149529,"frozenset({'Weekend_Label_Weekday', 'ProductRelated_Duration_Bin_Short'})"
0.2609586235149529,"frozenset({'ProductRelated_Bin_Low', 'ExitRates_Bin_High'})"
0.2601392871773863,"frozenset({'PageValues_Bin_Low', 'ProductRelated_Duration_Bin_Medium'})"
0.2595657517410897,"frozenset({'ProductRelated_Duration_Bin_Long', 'ProductRelated_Bin_High'})"
0.25833674723473987,"frozenset({'ProductRelated_Bin_Low', 'Weekend_Label_Weekday', 'Revenue_Label_Revenue_No'})"
0.25784514543219994,"frozenset({'ProductRelated_Bin_Medium', 'Revenue_Label_Revenue_No'})"
0.2553871364195002,"frozenset({'ProductRelated_Bin_High', 'Revenue_Label_Revenue_No'})"
0.2552232691519869,"frozenset({'ProductRelated_Bin_Low', 'PageValues_Bin_Low', 'Weekend_Label_Weekday', 'Revenue_Label_Revenue_No'})"
0.25473166734944697,"frozenset({'ProductRelated_Duration_Bin_Long', 'Revenue_Label_Revenue_No'})"
0.2535026628430971,"frozenset({'ProductRelated_Duration_Bin_Long', 'Weekend_Label_Weekday'})"
0.2529291274068005,"frozenset({'ExitRates_Bin_High', 'Weekend_Label_Weekday', 'BounceRates_Bin_High', 'Revenue_Label_Revenue_No'})"
0.2524375256042605,"frozenset({'ExitRates_Bin_Low', 'PageValues_Bin_Low', 'Weekend_Label_Weekday'})"
0.2524375256042605,"frozenset({'PageValues_Bin_Low', 'ProductRelated_Duration_Bin_Medium', 'Revenue_Label_Revenue_No'})"
0.25129045473166733,"frozenset({'Weekend_Label_Weekday', 'ProductRelated_Duration_Bin_Medium'})"
0.25104465383039737,"frozenset({'ProductRelated_Bin_Low', 'ExitRates_Bin_High', 'PageValues_Bin_Low'})"
0.2507988529291274,"frozenset({'PageValues_Bin_Low', 'Weekend_Label_Weekday', 'ProductRelated_Duration_Bin_Short'})"
0.24916018025399425,"frozenset({'ProductRelated_Bin_High', 'Weekend_Label_Weekday'})"
0.2481769766489144,"frozenset({'ProductRelated_Bin_Low', 'ExitRates_Bin_High', 'Revenue_Label_Revenue_No'})"
0.24686603850880787,"frozenset({'Weekend_Label_Weekday', 'ProductRelated_Duration_Bin_Short', 'Revenue_Label_Revenue_No'})"
0.2467841048750512,"frozenset({'ExitRates_Bin_High', 'ProductRelated_Duration_Bin_Short'})"
0.24522736583367472,"frozenset({'ProductRelated_Bin_Low', 'ExitRates_Bin_High', 'PageValues_Bin_Low', 'Revenue_Label_Revenue_No'})"
0.24457189676362145,"frozenset({'PageValues_Bin_Low', 'Weekend_Label_Weekday', 'ProductRelated_Duration_Bin_Short', 'Revenue_Label_Revenue_No'})"
0.24342482589102826,"frozenset({'PageValues_Bin_Low', 'ProductRelated_Bin_Medium'})"
0.24088488324457188,"frozenset({'ExitRates_Bin_Low', 'PageValues_Bin_Low', 'BounceRates_Bin_Low'})"
0.24063908234330192,"frozenset({'ExitRates_Bin_High', 'PageValues_Bin_Low', 'ProductRelated_Duration_Bin_Short'})"
0.23990167963949202,"frozenset({'ExitRates_Bin_Low', 'PageValues_Bin_Low', 'Weekend_Label_Weekday', 'Revenue_Label_Revenue_No'})"
0.23883654240065547,"frozenset({'Weekend_Label_Weekday', 'ProductRelated_Bin_Medium'})"
0.237034002458009,"frozenset({'ExitRates_Bin_High', 'PageValues_Bin_Low', 'BounceRates_Bin_High', 'Weekend_Label_Weekday'})"
0.23654240065546908,"frozenset({'ExitRates_Bin_High', 'ProductRelated_Duration_Bin_Short', 'Revenue_Label_Revenue_No'})"
0.23539532978287586,"frozenset({'PageValues_Bin_Low', 'ProductRelated_Bin_Medium', 'Revenue_Label_Revenue_No'})"
0.23482179434657927,"frozenset({'ExitRates_Bin_High', 'PageValues_Bin_Low', 'ProductRelated_Duration_Bin_Short', 'Revenue_Label_Revenue_No'})"
0.23424825891028267,frozenset({'Weekend_Label_Weekend'})
0.23203605079885292,"frozenset({'ExitRates_Bin_Low', 'ProductRelated_Bin_High'})"
0.23064317902498976,"frozenset({'ExitRates_Bin_High', 'Weekend_Label_Weekday', 'PageValues_Bin_Low', 'BounceRates_Bin_High', 'Revenue_Label_Revenue_No'})"
0.2303973781237198,"frozenset({'ExitRates_Bin_Low', 'PageValues_Bin_Low', 'BounceRates_Bin_Low', 'Revenue_Label_Revenue_No'})"
0.2236788201556739,frozenset({'PageValues_Bin_High'})
0.22056534207292094,"frozenset({'ProductRelated_Duration_Bin_Long', 'ExitRates_Bin_Low'})"
0.21843506759524786,"frozenset({'ProductRelated_Bin_Low', 'Weekend_Label_Weekday', 'ProductRelated_Duration_Bin_Short'})"
0.21745186399016797,"frozenset({'ProductRelated_Bin_Low', 'ExitRates_Bin_High', 'ProductRelated_Duration_Bin_Short'})"
0.21204424416222858,"frozenset({'ProductRelated_Bin_Low', 'ExitRates_Bin_High', 'PageValues_Bin_Low', 'ProductRelated_Duration_Bin_Short'})"
0.21040557148709546,"frozenset({'ProductRelated_Bin_Low', 'PageValues_Bin_Low', 'Weekend_Label_Weekday', 'ProductRelated_Duration_Bin_Short'})"
0.20901269971323228,"frozenset({'Weekend_Label_Weekday', 'ProductRelated_Duration_Bin_Medium', 'Revenue_Label_Revenue_No'})"
0.20827529700942238,"frozenset({'ProductRelated_Bin_Low', 'ExitRates_Bin_High', 'ProductRelated_Duration_Bin_Short', 'Revenue_Label_Revenue_No'})"
0.20696435886931586,"frozenset({'ExitRates_Bin_High', 'ProductRelated_Bin_Low', 'PageValues_Bin_Low', 'ProductRelated_Duration_Bin_Short', 'Revenue_Label_Revenue_No'})"
0.2067185579680459,"frozenset({'ProductRelated_Bin_Low', 'Weekend_Label_Weekday', 'ProductRelated_Duration_Bin_Short', 'Revenue_Label_Revenue_No'})"
0.20655469070053256,"frozenset({'ProductRelated_Bin_Low', 'ExitRates_Bin_High', 'Weekend_Label_Weekday'})"
0.2051618189266694,"frozenset({'Weekend_Label_Weekday', 'ProductRelated_Bin_Low', 'PageValues_Bin_Low', 'ProductRelated_Duration_Bin_Short', 'Revenue_Label_Revenue_No'})"
0.20376894715280622,"frozenset({'ProductRelated_Bin_Low', 'BounceRates_Bin_Low'})"
0.19967226546497338,"frozenset({'Weekend_Label_Weekday', 'ProductRelated_Bin_Medium', 'Revenue_Label_Revenue_No'})"
0.19967226546497338,"frozenset({'ExitRates_Bin_Low', 'Weekend_Label_Weekday', 'BounceRates_Bin_Low', 'Revenue_Label_Revenue_No'})"
0.19852519459238016,"frozenset({'ProductRelated_Bin_Low', 'ExitRates_Bin_High', 'PageValues_Bin_Low', 'Weekend_Label_Weekday'})"
0.1975419909873003,"frozenset({'ProductRelated_Duration_Bin_Long', 'BounceRates_Bin_High'})"
0.1972961900860303,"frozenset({'ProductRelated_Bin_High', 'PageValues_Bin_Low'})"
0.19696845555100367,"frozenset({'ProductRelated_Bin_Low', 'ExitRates_Bin_High', 'Weekend_Label_Weekday', 'Revenue_Label_Revenue_No'})"
0.1967226546497337,"frozenset({'PageValues_Bin_Low', 'Weekend_Label_Weekday', 'ProductRelated_Duration_Bin_Medium'})"
0.1967226546497337,"frozenset({'ProductRelated_Bin_High', 'BounceRates_Bin_High'})"
0.1965587873822204,"frozenset({'ExitRates_Bin_High', 'Weekend_Label_Weekday', 'ProductRelated_Duration_Bin_Short'})"
0.19639492011470708,"frozenset({'ExitRates_Bin_Low', 'ProductRelated_Duration_Bin_Medium'})"
0.19623105284719378,"frozenset({'ProductRelated_Duration_Bin_Long', 'PageValues_Bin_Low'})"
0.19606718557968045,"frozenset({'ProductRelated_Duration_Bin_Long', 'ProductRelated_Bin_High', 'Revenue_Label_Revenue_No'})"
0.19475624743957395,"frozenset({'ProductRelated_Duration_Bin_Long', 'ProductRelated_Bin_High', 'Weekend_Label_Weekday'})"
0.19442851290454732,"frozenset({'ProductRelated_Duration_Bin_Long', 'Weekend_Label_Weekday', 'Revenue_Label_Revenue_No'})"
0.19442851290454732,"frozenset({'ExitRates_Bin_High', 'Weekend_Label_Weekday', 'ProductRelated_Bin_Low', 'PageValues_Bin_Low', 'Revenue_Label_Revenue_No'})"
0.19377304383449406,"frozenset({'ProductRelated_Duration_Bin_Medium', 'ProductRelated_Bin_Medium'})"
0.19336337566571077,"frozenset({'Weekend_Label_Weekend', 'Revenue_Label_Revenue_No'})"
0.19229823842687424,"frozenset({'ProductRelated_Bin_High', 'Weekend_Label_Weekday', 'Revenue_Label_Revenue_No'})"
0.19139696845555101,"frozenset({'ExitRates_Bin_High', 'PageValues_Bin_Low', 'Weekend_Label_Weekday', 'ProductRelated_Duration_Bin_Short'})"
0.19115116755428102,"frozenset({'PageValues_Bin_Low', 'Weekend_Label_Weekday', 'ProductRelated_Duration_Bin_Medium', 'Revenue_Label_Revenue_No'})"
0.18861122490782467,"frozenset({'ExitRates_Bin_High', 'Weekend_Label_Weekday', 'ProductRelated_Duration_Bin_Short', 'Revenue_Label_Revenue_No'})"
0.18762802130274478,"frozenset({'PageValues_Bin_Low', 'Weekend_Label_Weekday', 'ProductRelated_Bin_Medium'})"
0.18721835313396148,"frozenset({'ProductRelated_Bin_Low', 'PageValues_Bin_Low', 'BounceRates_Bin_Low'})"
0.18721835313396148,"frozenset({'ExitRates_Bin_High', 'Weekend_Label_Weekday', 'PageValues_Bin_Low', 'ProductRelated_Duration_Bin_Short', 'Revenue_Label_Revenue_No'})"
0.18418680868496518,"frozenset({'ProductRelated_Duration_Bin_Medium', 'BounceRates_Bin_Low'})"
0.18402294141745187,"frozenset({'ProductRelated_Duration_Bin_Long', 'ExitRates_Bin_Low', 'ProductRelated_Bin_High'})"
0.18385907414993855,"frozenset({'ProductRelated_Bin_High', 'PageValues_Bin_Low', 'Revenue_Label_Revenue_No'})"
0.18279393691110202,"frozenset({'ProductRelated_Bin_Low', 'BounceRates_Bin_Low', 'Revenue_Label_Revenue_No'})"
0.18222040147480542,"frozenset({'ProductRelated_Duration_Bin_Long', 'PageValues_Bin_Low', 'Revenue_Label_Revenue_No'})"
0.18172879967226546,"frozenset({'PageValues_Bin_Low', 'Weekend_Label_Weekday', 'ProductRelated_Bin_Medium', 'Revenue_Label_Revenue_No'})"
0.18115526423596887,"frozenset({'ProductRelated_Bin_Low', 'PageValues_Bin_Low', 'BounceRates_Bin_Low', 'Revenue_Label_Revenue_No'})"
0.18066366243342893,"frozenset({'ExitRates_Bin_Low', 'PageValues_Bin_Low', 'Weekend_Label_Weekday', 'BounceRates_Bin_Low'})"
0.1803359278984023,"frozenset({'BounceRates_Bin_Low', 'ProductRelated_Duration_Bin_Short'})"
0.17828758705448586,"frozenset({'PageValues_Bin_Low', 'Weekend_Label_Weekend'})"
0.17550184350675951,"frozenset({'ExitRates_Bin_Low', 'ProductRelated_Bin_Medium'})"
0.17337156902908643,"frozenset({'ExitRates_Bin_Low', 'ProductRelated_Bin_High', 'Weekend_Label_Weekday'})"
0.17296190086030316,"frozenset({'Weekend_Label_Weekday', 'BounceRates_Bin_Low', 'ExitRates_Bin_Low', 'PageValues_Bin_Low', 'Revenue_Label_Revenue_No'})"
0.17255223269151987,"frozenset({'ProductRelated_Bin_Low', 'ExitRates_Bin_High', 'Weekend_Label_Weekday', 'ProductRelated_Duration_Bin_Short'})"
0.17009422367882016,"frozenset({'PageValues_Bin_Low', 'BounceRates_Bin_Low', 'ProductRelated_Duration_Bin_Short'})"
0.1700122900450635,"frozenset({'PageValues_Bin_Low', 'Weekend_Label_Weekend', 'Revenue_Label_Revenue_No'})"
0.16796394920114707,"frozenset({'ExitRates_Bin_High', 'Weekend_Label_Weekday', 'ProductRelated_Bin_Low', 'PageValues_Bin_Low', 'ProductRelated_Duration_Bin_Short'})"
0.1677181482998771,"frozenset({'Weekend_Label_Weekday', 'PageValues_Bin_High'})"
0.16763621466612044,"frozenset({'ExitRates_Bin_Low', 'ProductRelated_Bin_High', 'Revenue_Label_Revenue_No'})"
0.16616140925850062,"frozenset({'Revenue_Label_Revenue_No', 'BounceRates_Bin_Low', 'ProductRelated_Duration_Bin_Short'})"
0.16575174108971732,"frozenset({'ProductRelated_Duration_Bin_Long', 'ExitRates_Bin_Low', 'Weekend_Label_Weekday'})"
0.16558787382220402,"frozenset({'ExitRates_Bin_Low', 'PageValues_Bin_High'})"
0.1654240065546907,"frozenset({'ExitRates_Bin_High', 'Weekend_Label_Weekday', 'ProductRelated_Bin_Low', 'ProductRelated_Duration_Bin_Short', 'Revenue_Label_Revenue_No'})"
0.16452273658336747,"frozenset({'PageValues_Bin_Low', 'Revenue_Label_Revenue_No', 'BounceRates_Bin_Low', 'ProductRelated_Duration_Bin_Short'})"
0.16435886931585417,"frozenset({'ExitRates_Bin_High', 'Weekend_Label_Weekday', 'ProductRelated_Bin_Low', 'PageValues_Bin_Low', 'ProductRelated_Duration_Bin_Short', 'Revenue_Label_Revenue_No'})"
0.16157312576812782,"frozenset({'ProductRelated_Bin_Medium', 'BounceRates_Bin_Low'})"
0.16058992216304793,"frozenset({'ProductRelated_Duration_Bin_Long', 'BounceRates_Bin_High', 'Revenue_Label_Revenue_No'})"
0.15993445309299467,"frozenset({'ProductRelated_Bin_High', 'BounceRates_Bin_High', 'Revenue_Label_Revenue_No'})"
0.15813191315034822,"frozenset({'ProductRelated_Duration_Bin_Medium', 'ProductRelated_Bin_Medium', 'Revenue_Label_Revenue_No'})"
0.1573945104465383,"frozenset({'ProductRelated_Duration_Bin_Long', 'ProductRelated_Bin_High', 'BounceRates_Bin_High'})"
0.1566571077427284,"frozenset({'ProductRelated_Duration_Bin_Long', 'ExitRates_Bin_Low', 'Revenue_Label_Revenue_No'})"
0.15632937320770177,frozenset({'Revenue_Label_Revenue_Yes'})
0.1558377714051618,"frozenset({'ProductRelated_Bin_Low', 'Weekend_Label_Weekday', 'BounceRates_Bin_Low'})"
0.15403523146251535,"frozenset({'ExitRates_Bin_Low', 'BounceRates_Bin_High'})"
0.15354362965997542,"frozenset({'ProductRelated_Bin_Low', 'BounceRates_Bin_Low', 'ProductRelated_Duration_Bin_Short'})"
0.15313396149119213,"frozenset({'ProductRelated_Bin_Low', 'BounceRates_Bin_High'})"
0.15297009422367883,"frozenset({'BounceRates_Bin_High', 'ProductRelated_Duration_Bin_Short'})"
0.15092175337976238,"frozenset({'ExitRates_Bin_Low', 'ProductRelated_Duration_Bin_Medium', 'Revenue_Label_Revenue_No'})"
0.15083981974600574,"frozenset({'ExitRates_Bin_High', 'BounceRates_Bin_Low'})"
0.15059401884473578,"frozenset({'ProductRelated_Duration_Bin_Medium', 'PageValues_Bin_Low', 'ProductRelated_Bin_Medium'})"
0.1505120852109791,"frozenset({'ProductRelated_Duration_Bin_Long', 'PageValues_Bin_Low', 'Weekend_Label_Weekday'})"
0.14985661614092585,"frozenset({'BounceRates_Bin_High', 'ProductRelated_Bin_Medium'})"
0.14985661614092585,"frozenset({'PageValues_Bin_Low', 'BounceRates_Bin_High', 'ProductRelated_Duration_Bin_Short'})"
0.14969274887341252,"frozenset({'ProductRelated_Duration_Bin_Long', 'BounceRates_Bin_High', 'Weekend_Label_Weekday'})"
0.1492011470708726,"frozenset({'BounceRates_Bin_High', 'ProductRelated_Duration_Bin_Medium'})"
0.1490372798033593,"frozenset({'ExitRates_Bin_Low', 'ProductRelated_Duration_Bin_Medium', 'BounceRates_Bin_Low'})"
0.14887341253584596,"frozenset({'ProductRelated_Bin_High', 'Weekend_Label_Weekday', 'PageValues_Bin_Low'})"
0.14838181073330603,"frozenset({'ProductRelated_Bin_Low', 'PageValues_Bin_Low', 'BounceRates_Bin_High'})"
0.1480540761982794,"frozenset({'BounceRates_Bin_High', 'ProductRelated_Duration_Bin_Short', 'Revenue_Label_Revenue_No'})"
0.1476444080294961,"frozenset({'ProductRelated_Bin_Low', 'BounceRates_Bin_High', 'Revenue_Label_Revenue_No'})"
0.1472347398607128,"frozenset({'ProductRelated_Duration_Bin_Long', 'ProductRelated_Bin_High', 'Weekend_Label_Weekday', 'Revenue_Label_Revenue_No'})"
0.1470708725931995,"frozenset({'ProductRelated_Bin_High', 'BounceRates_Bin_High', 'Weekend_Label_Weekday'})"
0.14682507169192954,"frozenset({'PageValues_Bin_Low', 'BounceRates_Bin_High', 'ProductRelated_Duration_Bin_Short', 'Revenue_Label_Revenue_No'})"
0.14625153625563295,"frozenset({'ProductRelated_Bin_Low', 'ExitRates_Bin_High', 'BounceRates_Bin_High'})"
0.14592380172060632,"frozenset({'ProductRelated_Duration_Bin_Medium', 'Weekend_Label_Weekday', 'ProductRelated_Bin_Medium'})"
0.145759934453093,"frozenset({'ProductRelated_Bin_Low', 'PageValues_Bin_Low', 'BounceRates_Bin_Low', 'ProductRelated_Duration_Bin_Short'})"
0.1455960671855797,"frozenset({'ProductRelated_Bin_Low', 'PageValues_Bin_Low', 'BounceRates_Bin_High', 'Revenue_Label_Revenue_No'})"
0.14543219991806636,"frozenset({'ProductRelated_Duration_Bin_Medium', 'PageValues_Bin_Low', 'ProductRelated_Bin_Medium', 'Revenue_Label_Revenue_No'})"
0.14494059811552643,"frozenset({'ProductRelated_Duration_Bin_Long', 'ProductRelated_Bin_High', 'PageValues_Bin_Low'})"
0.14428512904547316,"frozenset({'ExitRates_Bin_Low', 'Weekend_Label_Weekday', 'ProductRelated_Duration_Bin_Medium'})"
0.1442031954117165,"frozenset({'ExitRates_Bin_High', 'BounceRates_Bin_High', 'ProductRelated_Duration_Bin_Short'})"
0.14379352724293323,"frozenset({'ProductRelated_Bin_Low', 'PageValues_Bin_Low', 'Weekend_Label_Weekday', 'BounceRates_Bin_Low'})"
0.14272839000409668,"frozenset({'ExitRates_Bin_Low', 'PageValues_Bin_Low', 'ProductRelated_Duration_Bin_Medium'})"
0.14264645637034,"frozenset({'ProductRelated_Duration_Bin_Medium', 'BounceRates_Bin_Low', 'Revenue_Label_Revenue_No'})"
0.14207292093404342,"frozenset({'ProductRelated_Bin_Low', 'ExitRates_Bin_High', 'PageValues_Bin_Low', 'BounceRates_Bin_High'})"
0.14182712003277345,"frozenset({'ProductRelated_Bin_Low', 'Revenue_Label_Revenue_No', 'BounceRates_Bin_Low', 'ProductRelated_Duration_Bin_Short'})"
0.14149938549774682,"frozenset({'ProductRelated_Bin_Low', 'ExitRates_Bin_High', 'BounceRates_Bin_High', 'Revenue_Label_Revenue_No'})"
0.14141745186399016,"frozenset({'ExitRates_Bin_High', 'PageValues_Bin_Low', 'BounceRates_Bin_High', 'ProductRelated_Duration_Bin_Short'})"
0.1410077836952069,"frozenset({'ProductRelated_Bin_Low', 'Weekend_Label_Weekday', 'BounceRates_Bin_Low', 'Revenue_Label_Revenue_No'})"
0.14076198279393692,"frozenset({'BounceRates_Bin_Low', 'ProductRelated_Bin_Low', 'PageValues_Bin_Low', 'ProductRelated_Duration_Bin_Short', 'Revenue_Label_Revenue_No'})"
0.14027038099139696,"frozenset({'ProductRelated_Duration_Bin_Long', 'PageValues_Bin_Low', 'Weekend_Label_Weekday', 'Revenue_Label_Revenue_No'})"
0.13986071282261367,"frozenset({'ExitRates_Bin_High', 'BounceRates_Bin_High', 'ProductRelated_Duration_Bin_Short', 'Revenue_Label_Revenue_No'})"
0.1396149119213437,"frozenset({'Weekend_Label_Weekday', 'BounceRates_Bin_Low', 'ProductRelated_Bin_Low', 'PageValues_Bin_Low', 'Revenue_Label_Revenue_No'})"
0.13953297828758707,"frozenset({'ExitRates_Bin_High', 'ProductRelated_Bin_Low', 'PageValues_Bin_Low', 'BounceRates_Bin_High', 'Revenue_Label_Revenue_No'})"
0.1390413764850471,"frozenset({'ProductRelated_Bin_High', 'Weekend_Label_Weekday', 'PageValues_Bin_Low', 'Revenue_Label_Revenue_No'})"
0.13879557558377714,"frozenset({'Weekend_Label_Weekday', 'BounceRates_Bin_Low', 'ProductRelated_Duration_Bin_Short'})"
0.1386317083162638,"frozenset({'ExitRates_Bin_High', 'PageValues_Bin_Low', 'ProductRelated_Duration_Bin_Short', 'BounceRates_Bin_High', 'Revenue_Label_Revenue_No'})"
0.13838590741499385,"frozenset({'ExitRates_Bin_High', 'PageValues_Bin_Low', 'BounceRates_Bin_Low'})"
0.13805817287996722,"frozenset({'ExitRates_Bin_Low', 'PageValues_Bin_Low', 'ProductRelated_Duration_Bin_Medium', 'Revenue_Label_Revenue_No'})"
0.13781237197869725,"frozenset({'ExitRates_Bin_High', 'BounceRates_Bin_Low', 'Revenue_Label_Revenue_No'})"
0.1377304383449406,"frozenset({'ProductRelated_Duration_Bin_Medium', 'Weekend_Label_Weekday', 'BounceRates_Bin_Low'})"
0.13732077017615732,"frozenset({'ProductRelated_Duration_Bin_Long', 'ExitRates_Bin_Low', 'ProductRelated_Bin_High', 'Weekend_Label_Weekday'})"
0.13723883654240066,"frozenset({'ProductRelated_Duration_Bin_Medium', 'PageValues_Bin_Low', 'BounceRates_Bin_Low'})"
0.13707496927488735,"frozenset({'ProductRelated_Duration_Bin_Long', 'PageValues_Bin_High'})"
0.1369930356411307,"frozenset({'ExitRates_Bin_High', 'ProductRelated_Duration_Bin_Medium'})"
0.13592789840229413,"frozenset({'ExitRates_Bin_High', 'ProductRelated_Bin_Medium'})"
0.13576403113478083,"frozenset({'ProductRelated_Duration_Bin_Long', 'BounceRates_Bin_Low'})"
0.13535436296599754,"frozenset({'ExitRates_Bin_Low', 'ProductRelated_Bin_Medium', 'Revenue_Label_Revenue_No'})"
0.13494469479721424,"frozenset({'ProductRelated_Bin_High', 'BounceRates_Bin_Low'})"
0.13437115936091765,"frozenset({'ProductRelated_Bin_High', 'PageValues_Bin_High'})"
0.1337156902908644,"frozenset({'ExitRates_Bin_Low', 'ProductRelated_Bin_Medium', 'BounceRates_Bin_Low'})"
0.13330602212208112,"frozenset({'ExitRates_Bin_High', 'PageValues_Bin_Low', 'BounceRates_Bin_Low', 'Revenue_Label_Revenue_No'})"
0.1331421548545678,"frozenset({'BounceRates_Bin_High', 'ProductRelated_Bin_Medium', 'Revenue_Label_Revenue_No'})"
0.13281442031954116,"frozenset({'ProductRelated_Duration_Bin_Medium', 'PageValues_Bin_Low', 'BounceRates_Bin_Low', 'Revenue_Label_Revenue_No'})"
0.13265055305202786,"frozenset({'ProductRelated_Duration_Bin_Long', 'ProductRelated_Bin_High', 'PageValues_Bin_Low', 'Revenue_Label_Revenue_No'})"
0.13207701761573126,"frozenset({'BounceRates_Bin_High', 'ProductRelated_Duration_Bin_Medium', 'Revenue_Label_Revenue_No'})"
0.13125768127816467,"frozenset({'PageValues_Bin_Low', 'Weekend_Label_Weekday', 'BounceRates_Bin_Low', 'ProductRelated_Duration_Bin_Short'})"
0.13052027857435478,"frozenset({'ProductRelated_Duration_Bin_Long', 'ExitRates_Bin_Low', 'ProductRelated_Bin_High', 'Revenue_Label_Revenue_No'})"
0.12986480950430151,"frozenset({'ExitRates_Bin_Low', 'Weekend_Label_Weekday', 'ProductRelated_Bin_Medium'})"
0.12904547316673495,"frozenset({'ExitRates_Bin_Low', 'Weekend_Label_Weekend'})"
0.128553871364195,"frozenset({'Weekend_Label_Weekday', 'Revenue_Label_Revenue_No', 'BounceRates_Bin_Low', 'ProductRelated_Duration_Bin_Short'})"
0.12732486685784514,"frozenset({'Weekend_Label_Weekday', 'BounceRates_Bin_Low', 'PageValues_Bin_Low', 'ProductRelated_Duration_Bin_Short', 'Revenue_Label_Revenue_No'})"
0.1269971323228185,"frozenset({'ExitRates_Bin_Low', 'PageValues_Bin_Low', 'ProductRelated_Bin_Medium'})"
0.12666939778779188,"frozenset({'ExitRates_Bin_Low', 'ProductRelated_Bin_High', 'BounceRates_Bin_Low'})"
0.12634166325276527,"frozenset({'ExitRates_Bin_Low', 'ProductRelated_Bin_High', 'PageValues_Bin_Low'})"
0.12601392871773864,"frozenset({'Revenue_Label_Revenue_Yes', 'PageValues_Bin_High'})"
0.12593199508398198,"frozenset({'ProductRelated_Bin_Low', 'BounceRates_Bin_High', 'ProductRelated_Duration_Bin_Short'})"
0.125686194182712,"frozenset({'ExitRates_Bin_Low', 'ProductRelated_Bin_High', 'Weekend_Label_Weekday', 'Revenue_Label_Revenue_No'})"
0.12560426054895535,"frozenset({'ProductRelated_Duration_Bin_Long', 'ProductRelated_Bin_High', 'BounceRates_Bin_High', 'Revenue_Label_Revenue_No'})"
0.12535845964768538,"frozenset({'ProductRelated_Bin_High', 'BounceRates_Bin_High', 'PageValues_Bin_Low'})"
0.12470299057763212,"frozenset({'ProductRelated_Bin_Medium', 'BounceRates_Bin_Low', 'Revenue_Label_Revenue_No'})"
0.12429332240884883,"frozenset({'ProductRelated_Duration_Bin_Long', 'PageValues_Bin_Low', 'BounceRates_Bin_High'})"
0.1238017206063089,"frozenset({'ExitRates_Bin_High', 'ProductRelated_Duration_Bin_Medium', 'Revenue_Label_Revenue_No'})"
0.12355591970503892,"frozenset({'ProductRelated_Bin_Low', 'PageValues_Bin_Low', 'BounceRates_Bin_High', 'ProductRelated_Duration_Bin_Short'})"
0.12331011880376895,"frozenset({'PageValues_Bin_Low', 'BounceRates_Bin_High', 'ProductRelated_Bin_Medium'})"
0.12298238426874232,"frozenset({'ExitRates_Bin_Low', 'PageValues_Bin_Low', 'ProductRelated_Bin_Medium', 'Revenue_Label_Revenue_No'})"
0.12290045063498566,"frozenset({'PageValues_Bin_Low', 'BounceRates_Bin_High', 'ProductRelated_Duration_Bin_Medium'})"
0.12265464973371569,"frozenset({'ProductRelated_Duration_Bin_Long', 'ExitRates_Bin_Low', 'BounceRates_Bin_Low'})"
0.12249078246620237,"frozenset({'ExitRates_Bin_High', 'ProductRelated_Bin_Medium', 'Revenue_Label_Revenue_No'})"
0.12240884883244572,"frozenset({'ProductRelated_Bin_Medium', 'Weekend_Label_Weekday', 'BounceRates_Bin_Low'})"
0.12232691519868906,"frozenset({'ProductRelated_Duration_Bin_Long', 'Weekend_Label_Weekday', 'BounceRates_Bin_High', 'Revenue_Label_Revenue_No'})"
0.12216304793117574,"frozenset({'BounceRates_Bin_High', 'ProductRelated_Duration_Bin_Short', 'Weekend_Label_Weekday'})"
0.12199918066366243,"frozenset({'ProductRelated_Bin_Low', 'BounceRates_Bin_High', 'ProductRelated_Duration_Bin_Short', 'Revenue_Label_Revenue_No'})"
0.12199918066366243,"frozenset({'ExitRates_Bin_Low', 'Weekend_Label_Weekday', 'PageValues_Bin_High'})"
0.12191724702990578,"frozenset({'ProductRelated_Bin_Low', 'BounceRates_Bin_High', 'Weekend_Label_Weekday'})"
0.12191724702990578,"frozenset({'ProductRelated_Bin_Low', 'ExitRates_Bin_High', 'BounceRates_Bin_High', 'ProductRelated_Duration_Bin_Short'})"
0.12117984432609587,"frozenset({'ProductRelated_Bin_Low', 'PageValues_Bin_Low', 'ProductRelated_Duration_Bin_Short', 'BounceRates_Bin_High', 'Revenue_Label_Revenue_No'})"
0.12101597705858255,"frozenset({'BounceRates_Bin_Low', 'PageValues_Bin_High'})"
0.12036050798852929,"frozenset({'ProductRelated_Duration_Bin_Medium', 'Weekend_Label_Weekday', 'ProductRelated_Bin_Medium', 'Revenue_Label_Revenue_No'})"
0.12011470708725933,"frozenset({'ExitRates_Bin_Low', 'BounceRates_Bin_High', 'Revenue_Label_Revenue_No'})"
0.12011470708725933,"frozenset({'ProductRelated_Bin_Medium', 'BounceRates_Bin_Low', 'PageValues_Bin_Low'})"
0.11995083981974601,"frozenset({'Weekend_Label_Weekend', 'BounceRates_Bin_Low'})"
0.1197869725522327,"frozenset({'Weekend_Label_Weekday', 'ProductRelated_Bin_High', 'BounceRates_Bin_High', 'Revenue_Label_Revenue_No'})"
0.11962310528471938,"frozenset({'PageValues_Bin_Low', 'BounceRates_Bin_High', 'ProductRelated_Duration_Bin_Medium', 'Revenue_Label_Revenue_No'})"
0.11962310528471938,"frozenset({'PageValues_Bin_Low', 'BounceRates_Bin_High', 'ProductRelated_Bin_Medium', 'Revenue_Label_Revenue_No'})"
0.11962310528471938,"frozenset({'ExitRates_Bin_High', 'ProductRelated_Bin_Low', 'PageValues_Bin_Low', 'ProductRelated_Duration_Bin_Short', 'BounceRates_Bin_High'})"
0.11954117165096272,"frozenset({'PageValues_Bin_Low', 'BounceRates_Bin_High', 'ProductRelated_Duration_Bin_Short', 'Weekend_Label_Weekday'})"
0.11839410077836952,"frozenset({'ExitRates_Bin_High', 'Weekend_Label_Weekday', 'BounceRates_Bin_Low'})"
0.11831216714461286,"frozenset({'Weekend_Label_Weekday', 'BounceRates_Bin_High', 'ProductRelated_Duration_Bin_Short', 'Revenue_Label_Revenue_No'})"
0.11823023351085621,"frozenset({'ExitRates_Bin_High', 'ProductRelated_Bin_Low', 'ProductRelated_Duration_Bin_Short', 'BounceRates_Bin_High', 'Revenue_Label_Revenue_No'})"
0.11823023351085621,"frozenset({'ExitRates_Bin_Low', 'Revenue_Label_Revenue_Yes'})"
0.1180663662433429,"frozenset({'ProductRelated_Duration_Bin_Long', 'ProductRelated_Bin_High', 'BounceRates_Bin_High', 'Weekend_Label_Weekday'})"
0.11782056534207293,"frozenset({'ProductRelated_Bin_Low', 'Weekend_Label_Weekday', 'BounceRates_Bin_Low', 'ProductRelated_Duration_Bin_Short'})"
0.11773863170831626,"frozenset({'ProductRelated_Bin_Low', 'PageValues_Bin_Low', 'BounceRates_Bin_High', 'Weekend_Label_Weekday'})"
0.11773863170831626,"frozenset({'ExitRates_Bin_Low', 'ProductRelated_Duration_Bin_Medium', 'ProductRelated_Bin_Medium'})"
0.1174928308070463,"frozenset({'ProductRelated_Bin_Low', 'ExitRates_Bin_High', 'BounceRates_Bin_High', 'Weekend_Label_Weekday'})"
0.1174928308070463,"frozenset({'ProductRelated_Duration_Bin_Long', 'ExitRates_Bin_Low', 'Weekend_Label_Weekday', 'Revenue_Label_Revenue_No'})"
0.11741089717328963,"frozenset({'ExitRates_Bin_High', 'ProductRelated_Bin_Low', 'PageValues_Bin_Low', 'ProductRelated_Duration_Bin_Short', 'BounceRates_Bin_High', 'Revenue_Label_Revenue_No'})"
0.11741089717328963,"frozenset({'ExitRates_Bin_High', 'PageValues_Bin_Low', 'ProductRelated_Duration_Bin_Medium'})"
0.11732896353953298,"frozenset({'ProductRelated_Bin_Low', 'Weekend_Label_Weekday', 'BounceRates_Bin_High', 'Revenue_Label_Revenue_No'})"
0.11724702990577632,"frozenset({'Weekend_Label_Weekday', 'PageValues_Bin_Low', 'ProductRelated_Duration_Bin_Short', 'BounceRates_Bin_High', 'Revenue_Label_Revenue_No'})"
0.117083162638263,"frozenset({'ProductRelated_Bin_High', 'BounceRates_Bin_High', 'PageValues_Bin_Low', 'Revenue_Label_Revenue_No'})"
0.11659156083572307,"frozenset({'ExitRates_Bin_Low', 'ProductRelated_Bin_High', 'PageValues_Bin_Low', 'Revenue_Label_Revenue_No'})"
0.11642769356820976,"frozenset({'ExitRates_Bin_High', 'PageValues_Bin_Low', 'ProductRelated_Bin_Medium'})"
0.11642769356820976,"frozenset({'BounceRates_Bin_High', 'ProductRelated_Bin_Medium', 'Weekend_Label_Weekday'})"
0.11634575993445309,"frozenset({'ExitRates_Bin_High', 'BounceRates_Bin_High', 'ProductRelated_Duration_Bin_Short', 'Weekend_Label_Weekday'})"
0.11585415813191315,"frozenset({'ProductRelated_Duration_Bin_Long', 'ExitRates_Bin_Low', 'PageValues_Bin_Low'})"
0.11585415813191315,"frozenset({'ProductRelated_Duration_Bin_Long', 'PageValues_Bin_Low', 'BounceRates_Bin_High', 'Revenue_Label_Revenue_No'})"
0.1157722244981565,"frozenset({'PageValues_Bin_Low', 'ProductRelated_Bin_Medium', 'BounceRates_Bin_Low', 'Revenue_Label_Revenue_No'})"
0.11560835723064318,"frozenset({'Weekend_Label_Weekday', 'ProductRelated_Bin_Low', 'PageValues_Bin_Low', 'BounceRates_Bin_High', 'Revenue_Label_Revenue_No'})"
0.11544448996312986,"frozenset({'Weekend_Label_Weekday', 'Revenue_Label_Revenue_Yes'})"
0.11470708725931995,"frozenset({'ProductRelated_Bin_Low', 'ExitRates_Bin_High', 'BounceRates_Bin_Low'})"
0.11462515362556329,"frozenset({'ProductRelated_Duration_Bin_Long', 'ProductRelated_Bin_High', 'PageValues_Bin_High'})"
0.11437935272429332,"frozenset({'ExitRates_Bin_High', 'PageValues_Bin_Low', 'ProductRelated_Duration_Bin_Medium', 'Revenue_Label_Revenue_No'})"
0.11429741909053666,"frozenset({'BounceRates_Bin_High', 'Weekend_Label_Weekend'})"
0.11388775092175338,"frozenset({'ExitRates_Bin_High', 'Weekend_Label_Weekday', 'PageValues_Bin_Low', 'ProductRelated_Duration_Bin_Short', 'BounceRates_Bin_High'})"
0.11380581728799673,"frozenset({'ProductRelated_Duration_Bin_Medium', 'PageValues_Bin_Low', 'Weekend_Label_Weekday', 'ProductRelated_Bin_Medium'})"
0.11372388365424006,"frozenset({'ExitRates_Bin_High', 'Weekend_Label_Weekday', 'ProductRelated_Bin_Low', 'PageValues_Bin_Low', 'BounceRates_Bin_High'})"
0.11356001638672675,"frozenset({'BounceRates_Bin_High', 'ProductRelated_Duration_Bin_Medium', 'Weekend_Label_Weekday'})"
0.1134780827529701,"frozenset({'ExitRates_Bin_High', 'Weekend_Label_Weekday', 'ProductRelated_Bin_Low', 'BounceRates_Bin_High', 'Revenue_Label_Revenue_No'})"
0.11282261368291684,"frozenset({'ExitRates_Bin_High', 'Weekend_Label_Weekday', 'ProductRelated_Duration_Bin_Short', 'BounceRates_Bin_High', 'Revenue_Label_Revenue_No'})"
0.11274068004916019,"frozenset({'ProductRelated_Duration_Bin_Long', 'ExitRates_Bin_High'})"
0.1124948791478902,"frozenset({'ExitRates_Bin_Low', 'BounceRates_Bin_High', 'Weekend_Label_Weekday'})"
0.11241294551413356,"frozenset({'ExitRates_Bin_High', 'PageValues_Bin_Low', 'ProductRelated_Bin_Medium', 'Revenue_Label_Revenue_No'})"
0.11233101188037689,"frozenset({'ExitRates_Bin_Low', 'Weekend_Label_Weekday', 'ProductRelated_Duration_Bin_Medium', 'Revenue_Label_Revenue_No'})"
0.11224907824662024,"frozenset({'ExitRates_Bin_Low', 'ProductRelated_Duration_Bin_Medium', 'BounceRates_Bin_Low', 'Revenue_Label_Revenue_No'})"
0.11192134371159361,"frozenset({'Weekend_Label_Weekday', 'BounceRates_Bin_Low', 'ProductRelated_Bin_Low', 'PageValues_Bin_Low', 'ProductRelated_Duration_Bin_Short'})"
0.1117574764440803,"frozenset({'ExitRates_Bin_High', 'Weekend_Label_Weekday', 'PageValues_Bin_Low', 'ProductRelated_Duration_Bin_Short', 'BounceRates_Bin_High', 'Revenue_Label_Revenue_No'})"
0.1117574764440803,"frozenset({'ExitRates_Bin_High', 'Weekend_Label_Weekday', 'ProductRelated_Bin_Low', 'PageValues_Bin_Low', 'BounceRates_Bin_High', 'Revenue_Label_Revenue_No'})"
0.11036460467021712,"frozenset({'ExitRates_Bin_Low', 'ProductRelated_Duration_Bin_Medium', 'BounceRates_Bin_Low', 'Weekend_Label_Weekday'})"
0.11003687013519049,"frozenset({'Weekend_Label_Weekday', 'ProductRelated_Bin_Medium', 'PageValues_Bin_Low', 'ProductRelated_Duration_Bin_Medium', 'Revenue_Label_Revenue_No'})"
0.10929946743138058,"frozenset({'ProductRelated_Duration_Bin_Long', 'ProductRelated_Bin_High', 'Weekend_Label_Weekday', 'PageValues_Bin_Low'})"
0.10929946743138058,"frozenset({'Weekend_Label_Weekday', 'BounceRates_Bin_Low', 'ProductRelated_Bin_Low', 'ProductRelated_Duration_Bin_Short', 'Revenue_Label_Revenue_No'})"
0.10929946743138058,"frozenset({'ExitRates_Bin_High', 'Weekend_Label_Weekday', 'BounceRates_Bin_Low', 'Revenue_Label_Revenue_No'})"
0.10897173289635395,"frozenset({'ExitRates_Bin_High', 'Weekend_Label_Weekday', 'ProductRelated_Bin_Medium'})"
0.10897173289635395,"frozenset({'ProductRelated_Bin_Low', 'ExitRates_Bin_High', 'PageValues_Bin_Low', 'BounceRates_Bin_Low'})"
0.10856206472757067,"frozenset({'ExitRates_Bin_High', 'PageValues_Bin_Low', 'Weekend_Label_Weekday', 'BounceRates_Bin_Low'})"
0.10856206472757067,"frozenset({'ExitRates_Bin_Low', 'BounceRates_Bin_Low', 'PageValues_Bin_High'})"
0.108480131093814,"frozenset({'Weekend_Label_Weekday', 'BounceRates_Bin_Low', 'ProductRelated_Bin_Low', 'PageValues_Bin_Low', 'ProductRelated_Duration_Bin_Short', 'Revenue_Label_Revenue_No'})"
0.10831626382630069,"frozenset({'ProductRelated_Duration_Bin_Medium', 'Weekend_Label_Weekday', 'BounceRates_Bin_Low', 'Revenue_Label_Revenue_No'})"
0.10807046292503072,"frozenset({'ExitRates_Bin_High', 'BounceRates_Bin_High', 'ProductRelated_Bin_Medium'})"
0.1077427283900041,"frozenset({'ExitRates_Bin_Low', 'PageValues_Bin_Low', 'ProductRelated_Duration_Bin_Medium', 'BounceRates_Bin_Low'})"
0.10700532568619418,"frozenset({'ExitRates_Bin_High', 'Weekend_Label_Weekday', 'ProductRelated_Duration_Bin_Medium'})"
0.10667759115116755,"frozenset({'ProductRelated_Bin_Low', 'ExitRates_Bin_High', 'BounceRates_Bin_Low', 'Revenue_Label_Revenue_No'})"
0.10651372388365424,"frozenset({'ProductRelated_Duration_Bin_Long', 'ExitRates_Bin_Low', 'PageValues_Bin_Low', 'Revenue_Label_Revenue_No'})"
0.10626792298238427,"frozenset({'ProductRelated_Duration_Bin_Medium', 'ProductRelated_Bin_Medium', 'BounceRates_Bin_Low'})"
0.10585825481360098,"frozenset({'ExitRates_Bin_Low', 'PageValues_Bin_Low', 'Weekend_Label_Weekday', 'ProductRelated_Duration_Bin_Medium'})"
0.10569438754608768,"frozenset({'ExitRates_Bin_Low', 'ProductRelated_Bin_High', 'PageValues_Bin_High'})"
0.10569438754608768,"frozenset({'ExitRates_Bin_High', 'BounceRates_Bin_Low', 'ProductRelated_Bin_Low', 'PageValues_Bin_Low', 'Revenue_Label_Revenue_No'})"
0.1054485866448177,"frozenset({'ExitRates_Bin_High', 'Weekend_Label_Weekday', 'BounceRates_Bin_Low', 'PageValues_Bin_Low', 'Revenue_Label_Revenue_No'})"
0.10536665301106105,"frozenset({'ExitRates_Bin_Low', 'ProductRelated_Bin_High', 'BounceRates_Bin_High'})"
0.10520278574354773,"frozenset({'ExitRates_Bin_High', 'Weekend_Label_Weekend'})"
0.10471118394100778,"frozenset({'ProductRelated_Duration_Bin_Long', 'ExitRates_Bin_Low', 'PageValues_Bin_High'})"
0.10421958213846784,"frozenset({'Weekend_Label_Weekday', 'BounceRates_Bin_High', 'ProductRelated_Bin_Medium', 'Revenue_Label_Revenue_No'})"
0.10421958213846784,"frozenset({'BounceRates_Bin_Low', 'ExitRates_Bin_Low', 'PageValues_Bin_Low', 'ProductRelated_Duration_Bin_Medium', 'Revenue_Label_Revenue_No'})"
0.10380991396968456,"frozenset({'ProductRelated_Duration_Bin_Long', 'Weekend_Label_Weekday', 'BounceRates_Bin_Low'})"
0.10356411306841458,"frozenset({'ProductRelated_Duration_Bin_Medium', 'PageValues_Bin_Low', 'Weekend_Label_Weekday', 'BounceRates_Bin_Low'})"
0.10299057763211798,"frozenset({'ProductRelated_Duration_Bin_Long', 'Weekend_Label_Weekday', 'PageValues_Bin_High'})"
0.10266284309709135,"frozenset({'BounceRates_Bin_High', 'PageValues_Bin_High'})"
0.1025809094633347,"frozenset({'ExitRates_Bin_High', 'BounceRates_Bin_Low', 'ProductRelated_Duration_Bin_Short'})"
0.10241704219582139,"frozenset({'Weekend_Label_Weekday', 'ExitRates_Bin_Low', 'PageValues_Bin_Low', 'ProductRelated_Duration_Bin_Medium', 'Revenue_Label_Revenue_No'})"
0.10217124129455141,"frozenset({'ProductRelated_Duration_Bin_Long', 'ProductRelated_Bin_High', 'BounceRates_Bin_Low'})"
0.10208930766079476,"frozenset({'ProductRelated_Bin_High', 'Weekend_Label_Weekday', 'BounceRates_Bin_Low'})"
0.10184350675952479,"frozenset({'ExitRates_Bin_High', 'BounceRates_Bin_High', 'ProductRelated_Duration_Bin_Medium'})"
0.1014338385907415,"frozenset({'ExitRates_Bin_Low', 'Revenue_Label_Revenue_Yes', 'PageValues_Bin_High'})"
0.10102417042195821,"frozenset({'ExitRates_Bin_Low', 'Weekend_Label_Weekday', 'ProductRelated_Bin_Medium', 'Revenue_Label_Revenue_No'})"
0.10069643588693158,"frozenset({'Weekend_Label_Weekday', 'BounceRates_Bin_High', 'ProductRelated_Duration_Bin_Medium', 'Revenue_Label_Revenue_No'})"
0.10061450225317493,"frozenset({'ProductRelated_Bin_Low', 'BounceRates_Bin_High', 'ProductRelated_Duration_Bin_Short', 'Weekend_Label_Weekday'})"
0.10053256861941827,"frozenset({'ExitRates_Bin_Low', 'ProductRelated_Bin_Medium', 'BounceRates_Bin_Low', 'Revenue_Label_Revenue_No'})"
0.10045063498566162,"frozenset({'Weekend_Label_Weekday', 'BounceRates_Bin_Low', 'PageValues_Bin_Low', 'ProductRelated_Duration_Bin_Medium', 'Revenue_Label_Revenue_No'})"
0.1002867677181483,"frozenset({'ExitRates_Bin_Low', 'ProductRelated_Bin_Medium', 'Weekend_Label_Weekday', 'BounceRates_Bin_Low'})"
0.1002867677181483,"frozenset({'ProductRelated_Bin_High', 'Weekend_Label_Weekday', 'PageValues_Bin_High'})"
0.10020483408439164,"frozenset({'Weekend_Label_Weekday', 'PageValues_Bin_Low', 'ProductRelated_Duration_Bin_Long', 'ProductRelated_Bin_High', 'Revenue_Label_Revenue_No'})"
0.09963129864809504,"frozenset({'ProductRelated_Duration_Bin_Long', 'ExitRates_Bin_High', 'BounceRates_Bin_High'})"
0.09963129864809504,"frozenset({'ExitRates_Bin_High', 'ProductRelated_Bin_High'})"
0.09938549774682508,"frozenset({'BounceRates_Bin_High', 'Weekend_Label_Weekend', 'Revenue_Label_Revenue_No'})"
0.09922163047931176,"frozenset({'ExitRates_Bin_High', 'PageValues_Bin_Low', 'BounceRates_Bin_Low', 'ProductRelated_Duration_Bin_Short'})"
0.09864809504301515,"frozenset({'ExitRates_Bin_High', 'Weekend_Label_Weekday', 'ProductRelated_Bin_Medium', 'Revenue_Label_Revenue_No'})"
0.09848422777550184,"frozenset({'Weekend_Label_Weekday', 'ProductRelated_Bin_Low', 'PageValues_Bin_Low', 'ProductRelated_Duration_Bin_Short', 'BounceRates_Bin_High'})"
0.09832036050798854,"frozenset({'ExitRates_Bin_High', 'BounceRates_Bin_High', 'ProductRelated_Bin_Medium', 'Revenue_Label_Revenue_No'})"
0.09807455960671856,"frozenset({'ProductRelated_Duration_Bin_Long', 'ExitRates_Bin_High', 'Revenue_Label_Revenue_No'})"
0.0979926259729619,"frozenset({'ExitRates_Bin_High', 'Weekend_Label_Weekday', 'ProductRelated_Bin_Low', 'ProductRelated_Duration_Bin_Short', 'BounceRates_Bin_High'})"
0.09791069233920524,"frozenset({'ProductRelated_Duration_Bin_Long', 'ExitRates_Bin_Low', 'BounceRates_Bin_High'})"
0.09766489143793528,"frozenset({'PageValues_Bin_High', 'Revenue_Label_Revenue_No'})"
0.0974190905366653,"frozenset({'Weekend_Label_Weekday', 'ProductRelated_Bin_Low', 'ProductRelated_Duration_Bin_Short', 'BounceRates_Bin_High', 'Revenue_Label_Revenue_No'})"
0.09733715690290864,"frozenset({'Revenue_Label_Revenue_Yes', 'BounceRates_Bin_Low'})"
0.09725522326915198,"frozenset({'Weekend_Label_Weekday', 'ExitRates_Bin_Low', 'ProductRelated_Duration_Bin_Long', 'ProductRelated_Bin_High', 'Revenue_Label_Revenue_No'})"
0.09717328963539533,"frozenset({'ExitRates_Bin_Low', 'Weekend_Label_Weekend', 'Revenue_Label_Revenue_No'})"
0.09700942236788201,"frozenset({'ExitRates_Bin_Low', 'PageValues_Bin_Low', 'BounceRates_Bin_High'})"
0.09668168783285538,"frozenset({'Weekend_Label_Weekday', 'ProductRelated_Bin_Low', 'PageValues_Bin_Low', 'ProductRelated_Duration_Bin_Short', 'BounceRates_Bin_High', 'Revenue_Label_Revenue_No'})"
0.09668168783285538,"frozenset({'ExitRates_Bin_High', 'Weekend_Label_Weekday', 'ProductRelated_Duration_Bin_Medium', 'Revenue_Label_Revenue_No'})"
0.09668168783285538,"frozenset({'ExitRates_Bin_High', 'Revenue_Label_Revenue_No', 'BounceRates_Bin_Low', 'ProductRelated_Duration_Bin_Short'})"
0.09651782056534207,"frozenset({'ExitRates_Bin_Low', 'ProductRelated_Bin_Medium', 'BounceRates_Bin_Low', 'PageValues_Bin_Low'})"
0.09619008603031544,"frozenset({'ExitRates_Bin_High', 'BounceRates_Bin_Low', 'PageValues_Bin_Low', 'ProductRelated_Duration_Bin_Short', 'Revenue_Label_Revenue_No'})"
0.09619008603031544,"frozenset({'ExitRates_Bin_High', 'Weekend_Label_Weekend', 'Revenue_Label_Revenue_No'})"
0.09610815239655879,"frozenset({'ProductRelated_Duration_Bin_Long', 'ExitRates_Bin_Low', 'ProductRelated_Bin_High', 'BounceRates_Bin_Low'})"
0.09610815239655879,"frozenset({'ProductRelated_Duration_Bin_Long', 'PageValues_Bin_Low', 'BounceRates_Bin_High', 'Weekend_Label_Weekday'})"
0.09594428512904547,"frozenset({'ExitRates_Bin_High', 'Weekend_Label_Weekday', 'ProductRelated_Bin_Low', 'PageValues_Bin_Low', 'ProductRelated_Duration_Bin_Short', 'BounceRates_Bin_High'})"
0.09594428512904547,"frozenset({'ProductRelated_Bin_Low', 'ExitRates_Bin_Low'})"
0.09586235149528882,"frozenset({'BounceRates_Bin_High', 'PageValues_Bin_Low', 'Weekend_Label_Weekday', 'ProductRelated_Bin_Medium'})"
0.09553461696026219,"frozenset({'ProductRelated_Bin_Low', 'ExitRates_Bin_High', 'BounceRates_Bin_Low', 'ProductRelated_Duration_Bin_Short'})"
0.09545268332650553,"frozenset({'ProductRelated_Bin_Medium', 'Weekend_Label_Weekday', 'BounceRates_Bin_Low', 'Revenue_Label_Revenue_No'})"
0.09545268332650553,"frozenset({'ProductRelated_Bin_High', 'BounceRates_Bin_Low', 'Revenue_Label_Revenue_No'})"
0.09520688242523556,"frozenset({'ProductRelated_Bin_High', 'BounceRates_Bin_High', 'PageValues_Bin_Low', 'Weekend_Label_Weekday'})"
0.09496108152396558,"frozenset({'ExitRates_Bin_High', 'Weekend_Label_Weekday', 'ProductRelated_Bin_Low', 'ProductRelated_Duration_Bin_Short', 'BounceRates_Bin_High', 'Revenue_Label_Revenue_No'})"
0.09487914789020893,"frozenset({'ExitRates_Bin_Low', 'ProductRelated_Bin_High', 'Weekend_Label_Weekday', 'BounceRates_Bin_Low'})"
0.09479721425645227,"frozenset({'ExitRates_Bin_Low', 'ProductRelated_Bin_High', 'Weekend_Label_Weekday', 'PageValues_Bin_Low'})"
0.09471528062269562,"frozenset({'ProductRelated_Duration_Bin_Long', 'ProductRelated_Bin_High', 'BounceRates_Bin_High', 'PageValues_Bin_Low'})"
0.09463334698893897,"frozenset({'ExitRates_Bin_Low', 'PageValues_Bin_Low', 'Weekend_Label_Weekday', 'ProductRelated_Bin_Medium'})"
0.0945514133551823,"frozenset({'Weekend_Label_Weekday', 'ProductRelated_Duration_Bin_Long', 'ProductRelated_Bin_High', 'BounceRates_Bin_High', 'Revenue_Label_Revenue_No'})"
0.09422367882015567,"frozenset({'ExitRates_Bin_High', 'Weekend_Label_Weekday', 'ProductRelated_Bin_Low', 'PageValues_Bin_Low', 'ProductRelated_Duration_Bin_Short', 'BounceRates_Bin_High', 'Revenue_Label_Revenue_No'})"
0.09414174518639902,"frozenset({'ProductRelated_Duration_Bin_Long', 'BounceRates_Bin_Low', 'Revenue_Label_Revenue_No'})"
0.0939778779188857,"frozenset({'Weekend_Label_Weekend', 'BounceRates_Bin_Low', 'Revenue_Label_Revenue_No'})"
0.09373207701761573,"frozenset({'ProductRelated_Duration_Bin_Long', 'ExitRates_Bin_Low', 'ProductRelated_Bin_High', 'PageValues_Bin_Low'})"
0.09340434248258911,"frozenset({'ExitRates_Bin_High', 'BounceRates_Bin_High', 'ProductRelated_Duration_Bin_Medium', 'Revenue_Label_Revenue_No'})"
0.09340434248258911,"frozenset({'ProductRelated_Bin_Medium', 'BounceRates_Bin_Low', 'ExitRates_Bin_Low', 'PageValues_Bin_Low', 'Revenue_Label_Revenue_No'})"
0.09340434248258911,"frozenset({'Weekend_Label_Weekday', 'Revenue_Label_Revenue_Yes', 'PageValues_Bin_High'})"
0.09315854158131913,"frozenset({'Weekend_Label_Weekday', 'ProductRelated_Bin_Medium', 'PageValues_Bin_Low', 'BounceRates_Bin_High', 'Revenue_Label_Revenue_No'})"
0.09315854158131913,"frozenset({'PageValues_Bin_Low', 'BounceRates_Bin_High', 'ProductRelated_Duration_Bin_Medium', 'Weekend_Label_Weekday'})"
0.09299467431380581,"frozenset({'ExitRates_Bin_High', 'PageValues_Bin_Low', 'Weekend_Label_Weekday', 'ProductRelated_Bin_Medium'})"
0.09299467431380581,"frozenset({'ProductRelated_Duration_Bin_Long', 'ExitRates_Bin_Low', 'Weekend_Label_Weekday', 'BounceRates_Bin_Low'})"
0.0928308070462925,"frozenset({'ExitRates_Bin_High', 'PageValues_Bin_Low', 'BounceRates_Bin_High', 'ProductRelated_Bin_Medium'})"
0.0928308070462925,"frozenset({'ExitRates_Bin_High', 'PageValues_Bin_Low', 'Weekend_Label_Weekend'})"
0.09242113887750922,"frozenset({'ExitRates_Bin_High', 'BounceRates_Bin_Low', 'ProductRelated_Bin_Low', 'PageValues_Bin_Low', 'ProductRelated_Duration_Bin_Short'})"
0.09176566980745596,"frozenset({'ProductRelated_Bin_Medium', 'Weekend_Label_Weekday', 'BounceRates_Bin_Low', 'PageValues_Bin_Low'})"
0.09151986890618599,"frozenset({'Weekend_Label_Weekday', 'ProductRelated_Bin_Medium', 'ExitRates_Bin_Low', 'PageValues_Bin_Low', 'Revenue_Label_Revenue_No'})"
0.09135600163867268,"frozenset({'ExitRates_Bin_High', 'ProductRelated_Bin_High', 'BounceRates_Bin_High'})"
0.09111020073740271,"frozenset({'Weekend_Label_Weekday', 'BounceRates_Bin_Low', 'PageValues_Bin_High'})"
0.09086439983613273,"frozenset({'ExitRates_Bin_High', 'PageValues_Bin_Low', 'Weekend_Label_Weekday', 'ProductRelated_Duration_Bin_Medium'})"
0.09070053256861942,"frozenset({'ExitRates_Bin_Low', 'PageValues_Bin_Low', 'BounceRates_Bin_High', 'Revenue_Label_Revenue_No'})"
0.09070053256861942,"frozenset({'Weekend_Label_Weekday', 'PageValues_Bin_Low', 'BounceRates_Bin_High', 'ProductRelated_Duration_Bin_Medium', 'Revenue_Label_Revenue_No'})"
0.09037279803359279,"frozenset({'ExitRates_Bin_Low', 'ProductRelated_Bin_Medium', 'ProductRelated_Duration_Bin_Medium', 'BounceRates_Bin_Low'})"
0.09029086439983613,"frozenset({'ProductRelated_Duration_Bin_Long', 'ExitRates_Bin_Low', 'ProductRelated_Bin_High', 'PageValues_Bin_High'})"
0.09020893076607947,"frozenset({'ExitRates_Bin_High', 'Weekend_Label_Weekday', 'ProductRelated_Bin_Medium', 'PageValues_Bin_Low', 'Revenue_Label_Revenue_No'})"
0.09004506349856616,"frozenset({'ExitRates_Bin_High', 'ProductRelated_Bin_Medium', 'PageValues_Bin_Low', 'BounceRates_Bin_High', 'Revenue_Label_Revenue_No'})"
0.09004506349856616,"frozenset({'ExitRates_Bin_High', 'BounceRates_Bin_Low', 'ProductRelated_Bin_Low', 'ProductRelated_Duration_Bin_Short', 'Revenue_Label_Revenue_No'})"
0.09004506349856616,"frozenset({'Weekend_Label_Weekend', 'PageValues_Bin_Low', 'BounceRates_Bin_Low'})"
0.0899631298648095,"frozenset({'ExitRates_Bin_Low', 'ProductRelated_Duration_Bin_Medium', 'ProductRelated_Bin_Medium', 'Revenue_Label_Revenue_No'})"
0.08963539532978287,"frozenset({'Weekend_Label_Weekday', 'PageValues_Bin_Low', 'ProductRelated_Duration_Bin_Long', 'BounceRates_Bin_High', 'Revenue_Label_Revenue_No'})"
0.08955346169602622,"frozenset({'ExitRates_Bin_High', 'BounceRates_Bin_Low', 'ProductRelated_Bin_Low', 'PageValues_Bin_Low', 'ProductRelated_Duration_Bin_Short', 'Revenue_Label_Revenue_No'})"
0.08906185989348628,"frozenset({'ProductRelated_Bin_Low', 'ExitRates_Bin_Low', 'BounceRates_Bin_Low'})"
0.08906185989348628,"frozenset({'ProductRelated_Bin_Low', 'ExitRates_Bin_High', 'Weekend_Label_Weekday', 'BounceRates_Bin_Low'})"
0.0888160589922163,"frozenset({'ExitRates_Bin_High', 'PageValues_Bin_Low', 'Weekend_Label_Weekend', 'Revenue_Label_Revenue_No'})"
0.0888160589922163,"frozenset({'Weekend_Label_Weekday', 'PageValues_Bin_Low', 'ProductRelated_Bin_High', 'BounceRates_Bin_High', 'Revenue_Label_Revenue_No'})"
0.08873412535845965,"frozenset({'ExitRates_Bin_High', 'Weekend_Label_Weekday', 'PageValues_Bin_Low', 'ProductRelated_Duration_Bin_Medium', 'Revenue_Label_Revenue_No'})"
0.08857025809094633,"frozenset({'Weekend_Label_Weekday', 'ProductRelated_Bin_Medium', 'BounceRates_Bin_Low', 'PageValues_Bin_Low', 'Revenue_Label_Revenue_No'})"
0.08848832445718968,"frozenset({'ExitRates_Bin_Low', 'ProductRelated_Bin_High', 'BounceRates_Bin_Low', 'Revenue_Label_Revenue_No'})"
0.08840639082343302,"frozenset({'ExitRates_Bin_Low', 'Weekend_Label_Weekday', 'BounceRates_Bin_High', 'Revenue_Label_Revenue_No'})"
0.0882425235559197,"frozenset({'PageValues_Bin_Low', 'BounceRates_Bin_High', 'Weekend_Label_Weekend'})"
0.08791478902089307,"frozenset({'ProductRelated_Duration_Bin_Long', 'ExitRates_Bin_Low', 'ProductRelated_Bin_High', 'BounceRates_Bin_High'})"
0.08791478902089307,"frozenset({'ExitRates_Bin_High', 'PageValues_Bin_Low', 'BounceRates_Bin_High', 'ProductRelated_Duration_Bin_Medium'})"
0.08775092175337976,"frozenset({'ProductRelated_Duration_Bin_Long', 'ExitRates_Bin_High', 'Weekend_Label_Weekday'})"
0.08775092175337976,"frozenset({'ExitRates_Bin_High', 'ProductRelated_Bin_High', 'Revenue_Label_Revenue_No'})"
0.08758705448586644,"frozenset({'Weekend_Label_Weekday', 'ExitRates_Bin_Low', 'PageValues_Bin_Low', 'ProductRelated_Bin_High', 'Revenue_Label_Revenue_No'})"
0.08750512085210979,"frozenset({'ExitRates_Bin_Low', 'Weekend_Label_Weekend', 'BounceRates_Bin_Low'})"
0.08750512085210979,"frozenset({'ProductRelated_Duration_Bin_Medium', 'BounceRates_Bin_High', 'ProductRelated_Bin_Medium'})"
0.08734125358459648,"frozenset({'ProductRelated_Duration_Bin_Long', 'ExitRates_Bin_High', 'BounceRates_Bin_High', 'Revenue_Label_Revenue_No'})"
0.08717738631708316,"frozenset({'ProductRelated_Duration_Bin_Long', 'ExitRates_Bin_Low', 'PageValues_Bin_Low', 'Weekend_Label_Weekday'})"
0.08701351904956985,"frozenset({'PageValues_Bin_Low', 'ProductRelated_Duration_Bin_Long', 'ProductRelated_Bin_High', 'BounceRates_Bin_High', 'Revenue_Label_Revenue_No'})"
0.08684965178205653,"frozenset({'ExitRates_Bin_High', 'BounceRates_Bin_High', 'ProductRelated_Bin_Medium', 'Weekend_Label_Weekday'})"
0.0865219172470299,"frozenset({'ExitRates_Bin_Low', 'ProductRelated_Duration_Bin_Short'})"
0.08635804997951659,"frozenset({'ExitRates_Bin_Low', 'Weekend_Label_Weekday', 'Revenue_Label_Revenue_Yes'})"
0.08578451454321999,"frozenset({'ExitRates_Bin_High', 'PageValues_Bin_Low', 'BounceRates_Bin_High', 'ProductRelated_Duration_Bin_Medium', 'Revenue_Label_Revenue_No'})"
0.08570258090946334,"frozenset({'ExitRates_Bin_Low', 'ProductRelated_Duration_Bin_Medium', 'ProductRelated_Bin_Medium', 'Weekend_Label_Weekday'})"
0.08570258090946334,"frozenset({'ExitRates_Bin_Low', 'PageValues_Bin_Low', 'ProductRelated_Duration_Bin_Medium', 'ProductRelated_Bin_Medium'})"
0.08545678000819336,"frozenset({'ProductRelated_Duration_Bin_Long', 'ProductRelated_Bin_High', 'Weekend_Label_Weekday', 'PageValues_Bin_High'})"
0.08545678000819336,"frozenset({'ExitRates_Bin_Low', 'PageValues_Bin_Low', 'Weekend_Label_Weekend'})"
0.08529291274068004,"frozenset({'Weekend_Label_Weekend', 'PageValues_Bin_Low', 'BounceRates_Bin_Low', 'Revenue_Label_Revenue_No'})"
0.08488324457189676,"frozenset({'ExitRates_Bin_Low', 'PageValues_Bin_Low', 'ProductRelated_Duration_Bin_Long', 'ProductRelated_Bin_High', 'Revenue_Label_Revenue_No'})"
0.08480131093814011,"frozenset({'ExitRates_Bin_High', 'Weekend_Label_Weekday', 'BounceRates_Bin_Low', 'ProductRelated_Bin_Low', 'PageValues_Bin_Low'})"
0.08471937730438345,"frozenset({'PageValues_Bin_Low', 'BounceRates_Bin_High', 'Weekend_Label_Weekend', 'Revenue_Label_Revenue_No'})"
0.08455551003687013,"frozenset({'ProductRelated_Bin_Low', 'ExitRates_Bin_Low', 'PageValues_Bin_Low'})"
0.08430970913560017,"frozenset({'Revenue_Label_Revenue_Yes', 'ExitRates_Bin_Low', 'BounceRates_Bin_Low'})"
0.0842277755018435,"frozenset({'Weekend_Label_Weekday', 'BounceRates_Bin_Low', 'ExitRates_Bin_Low', 'ProductRelated_Duration_Bin_Medium', 'Revenue_Label_Revenue_No'})"
0.08349037279803359,"frozenset({'ExitRates_Bin_High', 'Weekend_Label_Weekday', 'BounceRates_Bin_Low', 'ProductRelated_Bin_Low', 'Revenue_Label_Revenue_No'})"
0.08340843916427694,"frozenset({'ProductRelated_Duration_Bin_Long', 'ExitRates_Bin_Low', 'BounceRates_Bin_Low', 'Revenue_Label_Revenue_No'})"
0.08267103646046702,"frozenset({'ProductRelated_Bin_Medium', 'ExitRates_Bin_Low', 'PageValues_Bin_Low', 'ProductRelated_Duration_Bin_Medium', 'Revenue_Label_Revenue_No'})"
0.08267103646046702,"frozenset({'ExitRates_Bin_High', 'Weekend_Label_Weekday', 'BounceRates_Bin_Low', 'ProductRelated_Bin_Low', 'PageValues_Bin_Low', 'Revenue_Label_Revenue_No'})"
0.08250716919295371,"frozenset({'ProductRelated_Bin_High', 'Weekend_Label_Weekend'})"
0.08226136829168373,"frozenset({'ProductRelated_Bin_Low', 'ExitRates_Bin_Low', 'Revenue_Label_Revenue_No'})"
0.08209750102417042,"frozenset({'Weekend_Label_Weekend', 'ProductRelated_Duration_Bin_Medium'})"
0.08176976648914379,"frozenset({'Revenue_Label_Revenue_Yes', 'BounceRates_Bin_Low', 'PageValues_Bin_High'})"
0.08152396558787382,"frozenset({'ProductRelated_Bin_Low', 'ExitRates_Bin_Low', 'PageValues_Bin_Low', 'Revenue_Label_Revenue_No'})"
0.08127816468660386,"frozenset({'ProductRelated_Duration_Bin_Medium', 'ProductRelated_Bin_Medium', 'BounceRates_Bin_Low', 'Revenue_Label_Revenue_No'})"
0.08127816468660386,"frozenset({'ExitRates_Bin_Low', 'Weekend_Label_Weekday', 'BounceRates_Bin_Low', 'PageValues_Bin_High'})"
0.08119623105284719,"frozenset({'ExitRates_Bin_Low', 'PageValues_Bin_Low', 'Weekend_Label_Weekend', 'Revenue_Label_Revenue_No'})"
0.08078656288406391,"frozenset({'ExitRates_Bin_High', 'ProductRelated_Bin_High', 'BounceRates_Bin_High', 'Revenue_Label_Revenue_No'})"
0.08054076198279393,"frozenset({'Weekend_Label_Weekday', 'BounceRates_Bin_Low', 'ExitRates_Bin_Low', 'PageValues_Bin_Low', 'ProductRelated_Duration_Bin_Medium'})"
0.08037689471528062,"frozenset({'ProductRelated_Duration_Bin_Long', 'ExitRates_Bin_High', 'PageValues_Bin_Low'})"
0.0802130274477673,"frozenset({'ExitRates_Bin_High', 'Weekend_Label_Weekday', 'BounceRates_Bin_Low', 'ProductRelated_Duration_Bin_Short'})"
0.08013109381401065,"frozenset({'Weekend_Label_Weekday', 'ExitRates_Bin_Low', 'PageValues_Bin_Low', 'ProductRelated_Duration_Bin_Long', 'Revenue_Label_Revenue_No'})"
0.07980335927898402,"frozenset({'ProductRelated_Duration_Bin_Long', 'Weekend_Label_Weekend'})"
0.0796394920114707,"frozenset({'ExitRates_Bin_High', 'BounceRates_Bin_High', 'ProductRelated_Duration_Bin_Medium', 'Weekend_Label_Weekday'})"
0.07931175747644408,"frozenset({'ExitRates_Bin_Low', 'PageValues_Bin_Low', 'ProductRelated_Duration_Bin_Short'})"
0.07914789020893076,"frozenset({'ExitRates_Bin_Low', 'ProductRelated_Bin_High', 'BounceRates_Bin_High', 'Revenue_Label_Revenue_No'})"
0.07914789020893076,"frozenset({'ProductRelated_Bin_Low', 'Weekend_Label_Weekend'})"
0.07914789020893076,"frozenset({'ExitRates_Bin_High', 'Weekend_Label_Weekday', 'ProductRelated_Bin_Medium', 'BounceRates_Bin_High', 'Revenue_Label_Revenue_No'})"
0.07873822204014748,"frozenset({'ProductRelated_Duration_Bin_Medium', 'ProductRelated_Bin_Medium', 'Weekend_Label_Weekday', 'BounceRates_Bin_Low'})"
0.07857435477263416,"frozenset({'ProductRelated_Duration_Bin_Long', 'Revenue_Label_Revenue_Yes'})"
0.07857435477263416,"frozenset({'ExitRates_Bin_Low', 'ProductRelated_Bin_High', 'Weekend_Label_Weekday', 'PageValues_Bin_High'})"
0.07857435477263416,"frozenset({'ProductRelated_Duration_Bin_Long', 'ExitRates_Bin_Low', 'Weekend_Label_Weekday', 'PageValues_Bin_High'})"
0.07857435477263416,"frozenset({'ProductRelated_Duration_Bin_Medium', 'ProductRelated_Bin_Medium', 'BounceRates_Bin_Low', 'PageValues_Bin_Low'})"
0.07849242113887751,"frozenset({'ExitRates_Bin_Low', 'ProductRelated_Bin_High', 'BounceRates_Bin_High', 'Weekend_Label_Weekday'})"
0.07824662023760753,"frozenset({'ProductRelated_Bin_Low', 'ExitRates_Bin_Low', 'PageValues_Bin_Low', 'BounceRates_Bin_Low'})"
0.07800081933633757,"frozenset({'Weekend_Label_Weekday', 'BounceRates_Bin_Low', 'ExitRates_Bin_Low', 'PageValues_Bin_Low', 'ProductRelated_Duration_Bin_Medium', 'Revenue_Label_Revenue_No'})"
0.0777550184350676,"frozenset({'ExitRates_Bin_Low', 'BounceRates_Bin_Low', 'ProductRelated_Duration_Bin_Short'})"
0.07767308480131094,"frozenset({'ExitRates_Bin_Low', 'ProductRelated_Duration_Bin_Short', 'Revenue_Label_Revenue_No'})"
0.07750921753379762,"frozenset({'ExitRates_Bin_High', 'Weekend_Label_Weekday', 'BounceRates_Bin_Low', 'PageValues_Bin_Low', 'ProductRelated_Duration_Bin_Short'})"
0.07693568209750103,"frozenset({'ProductRelated_Duration_Bin_Long', 'ExitRates_Bin_High', 'BounceRates_Bin_High', 'Weekend_Label_Weekday'})"
0.07693568209750103,"frozenset({'ProductRelated_Duration_Bin_Long', 'ExitRates_Bin_High', 'Weekend_Label_Weekday', 'Revenue_Label_Revenue_No'})"
0.07685374846374436,"frozenset({'ProductRelated_Duration_Bin_Medium', 'BounceRates_Bin_High', 'ProductRelated_Bin_Medium', 'Revenue_Label_Revenue_No'})"
0.07668988119623105,"frozenset({'ProductRelated_Duration_Bin_Long', 'ProductRelated_Bin_High', 'Weekend_Label_Weekday', 'BounceRates_Bin_Low'})"
0.0766079475624744,"frozenset({'Weekend_Label_Weekday', 'BounceRates_Bin_High', 'PageValues_Bin_High'})"
0.07652601392871775,"frozenset({'ExitRates_Bin_Low', 'PageValues_Bin_Low', 'ProductRelated_Duration_Bin_Short', 'Revenue_Label_Revenue_No'})"
0.07628021302744777,"frozenset({'ProductRelated_Bin_High', 'Revenue_Label_Revenue_Yes'})"
0.07611634575993445,"frozenset({'ProductRelated_Bin_Low', 'ExitRates_Bin_Low', 'BounceRates_Bin_Low', 'Revenue_Label_Revenue_No'})"
0.0760344121261778,"frozenset({'ExitRates_Bin_High', 'ProductRelated_Duration_Bin_Medium', 'ProductRelated_Bin_Medium'})"
0.07595247849242114,"frozenset({'Weekend_Label_Weekday', 'ProductRelated_Bin_Medium', 'BounceRates_Bin_Low', 'ExitRates_Bin_Low', 'Revenue_Label_Revenue_No'})"
0.07578861122490782,"frozenset({'ExitRates_Bin_High', 'Weekend_Label_Weekday', 'BounceRates_Bin_Low', 'ProductRelated_Duration_Bin_Short', 'Revenue_Label_Revenue_No'})"
0.07578861122490782,"frozenset({'ExitRates_Bin_High', 'ProductRelated_Bin_High', 'Weekend_Label_Weekday'})"
0.07578861122490782,"frozenset({'ProductRelated_Bin_Medium', 'BounceRates_Bin_Low', 'PageValues_Bin_Low', 'ProductRelated_Duration_Bin_Medium', 'Revenue_Label_Revenue_No'})"
0.07570667759115117,"frozenset({'ProductRelated_Duration_Bin_Long', 'ExitRates_Bin_High', 'PageValues_Bin_Low', 'Revenue_Label_Revenue_No'})"
0.07554281032363785,"frozenset({'ProductRelated_Duration_Bin_Long', 'ExitRates_Bin_High', 'ProductRelated_Bin_High'})"
0.07546087668988119,"frozenset({'BounceRates_Bin_Low', 'ProductRelated_Bin_Low', 'ExitRates_Bin_Low', 'PageValues_Bin_Low', 'Revenue_Label_Revenue_No'})"
0.07546087668988119,"frozenset({'ExitRates_Bin_High', 'Weekend_Label_Weekday', 'BounceRates_Bin_Low', 'PageValues_Bin_Low', 'ProductRelated_Duration_Bin_Short', 'Revenue_Label_Revenue_No'})"
0.07455960671855796,"frozenset({'ExitRates_Bin_High', 'Weekend_Label_Weekday', 'BounceRates_Bin_Low', 'ProductRelated_Bin_Low', 'ProductRelated_Duration_Bin_Short'})"
0.074313805817288,"frozenset({'PageValues_Bin_High', 'Weekend_Label_Weekday', 'Revenue_Label_Revenue_No'})"
0.07406800491601803,"frozenset({'ExitRates_Bin_High', 'Weekend_Label_Weekday', 'ProductRelated_Bin_Medium', 'PageValues_Bin_Low', 'BounceRates_Bin_High'})"
0.07406800491601803,"frozenset({'ProductRelated_Bin_Low', 'PageValues_Bin_Low', 'Weekend_Label_Weekend'})"
0.07382220401474805,"frozenset({'Revenue_Label_Revenue_Yes', 'ExitRates_Bin_Low', 'BounceRates_Bin_Low', 'PageValues_Bin_High'})"
0.07382220401474805,"frozenset({'ExitRates_Bin_Low', 'Weekend_Label_Weekday', 'Revenue_Label_Revenue_Yes', 'PageValues_Bin_High'})"
0.07324866857845146,"frozenset({'ProductRelated_Duration_Bin_Long', 'ExitRates_Bin_Low', 'BounceRates_Bin_High', 'Revenue_Label_Revenue_No'})"
0.07324866857845146,"frozenset({'ProductRelated_Duration_Bin_Long', 'BounceRates_Bin_High', 'PageValues_Bin_High'})"
0.07324866857845146,"frozenset({'ProductRelated_Duration_Bin_Medium', 'PageValues_Bin_High'})"
0.07283900040966818,"frozenset({'Weekend_Label_Weekday', 'ProductRelated_Bin_Medium', 'BounceRates_Bin_Low', 'ExitRates_Bin_Low', 'PageValues_Bin_Low'})"
0.07275706677591151,"frozenset({'ExitRates_Bin_High', 'BounceRates_Bin_High', 'Weekend_Label_Weekend'})"
0.07275706677591151,"frozenset({'ProductRelated_Duration_Bin_Long', 'ExitRates_Bin_Low', 'BounceRates_Bin_High', 'Weekend_Label_Weekday'})"
0.07267513314215486,"frozenset({'Weekend_Label_Weekday', 'PageValues_Bin_Low', 'ProductRelated_Duration_Bin_Long', 'ProductRelated_Bin_High', 'BounceRates_Bin_High'})"
0.0725931995083982,"frozenset({'Weekend_Label_Weekend', 'ProductRelated_Bin_Medium'})"
0.0725931995083982,"frozenset({'ExitRates_Bin_High', 'Weekend_Label_Weekday', 'BounceRates_Bin_High', 'ProductRelated_Duration_Bin_Medium', 'Revenue_Label_Revenue_No'})"
0.07251126587464155,"frozenset({'ProductRelated_Bin_High', 'Weekend_Label_Weekday', 'BounceRates_Bin_Low', 'Revenue_Label_Revenue_No'})"
0.07251126587464155,"frozenset({'ProductRelated_Duration_Bin_Long', 'PageValues_Bin_High', 'Revenue_Label_Revenue_No'})"
0.07234739860712823,"frozenset({'Weekend_Label_Weekend', 'ProductRelated_Duration_Bin_Short'})"
0.07210159770585825,"frozenset({'ProductRelated_Duration_Bin_Long', 'Weekend_Label_Weekday', 'BounceRates_Bin_Low', 'Revenue_Label_Revenue_No'})"
0.07210159770585825,"frozenset({'ExitRates_Bin_High', 'Weekend_Label_Weekday', 'ProductRelated_Bin_Medium', 'PageValues_Bin_Low', 'BounceRates_Bin_High', 'Revenue_Label_Revenue_No'})"
0.07210159770585825,"frozenset({'ProductRelated_Bin_Low', 'Weekend_Label_Weekend', 'Revenue_Label_Revenue_No'})"
0.0720196640721016,"frozenset({'ExitRates_Bin_High', 'Weekend_Label_Weekday', 'BounceRates_Bin_Low', 'ProductRelated_Bin_Low', 'PageValues_Bin_Low', 'ProductRelated_Duration_Bin_Short'})"
0.0720196640721016,"frozenset({'ProductRelated_Bin_High', 'ProductRelated_Duration_Bin_Medium'})"
0.0720196640721016,"frozenset({'ProductRelated_Duration_Bin_Medium', 'PageValues_Bin_Low', 'BounceRates_Bin_High', 'ProductRelated_Bin_Medium'})"
0.07193773043834494,"frozenset({'ProductRelated_Duration_Bin_Long', 'PageValues_Bin_Low', 'BounceRates_Bin_Low'})"
0.07193773043834494,"frozenset({'ProductRelated_Bin_High', 'BounceRates_Bin_Low', 'PageValues_Bin_Low'})"
0.07177386317083162,"frozenset({'ExitRates_Bin_Low', 'PageValues_Bin_Low', 'BounceRates_Bin_High', 'Weekend_Label_Weekday'})"
0.07169192953707497,"frozenset({'Weekend_Label_Weekday', 'BounceRates_Bin_Low', 'ExitRates_Bin_Low', 'ProductRelated_Duration_Bin_Long', 'ProductRelated_Bin_High'})"
0.07152806226956165,"frozenset({'PageValues_Bin_High', 'ProductRelated_Bin_High', 'Revenue_Label_Revenue_No'})"
0.07152806226956165,"frozenset({'ProductRelated_Bin_Low', 'PageValues_Bin_Low', 'Weekend_Label_Weekend', 'Revenue_Label_Revenue_No'})"
0.07136419500204834,"frozenset({'Revenue_Label_Revenue_Yes', 'Weekend_Label_Weekday', 'BounceRates_Bin_Low'})"
0.07136419500204834,"frozenset({'ProductRelated_Bin_High', 'BounceRates_Bin_High', 'PageValues_Bin_High'})"
0.07120032773453502,"frozenset({'ProductRelated_Bin_Low', 'ExitRates_Bin_Low', 'Weekend_Label_Weekday'})"
0.07095452683326506,"frozenset({'ExitRates_Bin_High', 'ProductRelated_Bin_High', 'PageValues_Bin_Low'})"
0.0708725931995084,"frozenset({'ExitRates_Bin_Low', 'PageValues_Bin_Low', 'BounceRates_Bin_Low', 'ProductRelated_Duration_Bin_Short'})"
0.07070872593199508,"frozenset({'ProductRelated_Duration_Bin_Long', 'ExitRates_Bin_High', 'PageValues_Bin_Low', 'BounceRates_Bin_High'})"
0.07046292503072511,"frozenset({'Weekend_Label_Weekday', 'ProductRelated_Bin_Medium', 'BounceRates_Bin_Low', 'ExitRates_Bin_Low', 'PageValues_Bin_Low', 'Revenue_Label_Revenue_No'})"
0.07046292503072511,"frozenset({'ProductRelated_Duration_Bin_Long', 'ProductRelated_Bin_High', 'BounceRates_Bin_Low', 'Revenue_Label_Revenue_No'})"
0.07046292503072511,"frozenset({'ExitRates_Bin_High', 'Weekend_Label_Weekday', 'BounceRates_Bin_Low', 'ProductRelated_Bin_Low', 'ProductRelated_Duration_Bin_Short', 'Revenue_Label_Revenue_No'})"
0.07013519049569848,"frozenset({'ExitRates_Bin_High', 'Weekend_Label_Weekday', 'BounceRates_Bin_Low', 'ProductRelated_Bin_Low', 'PageValues_Bin_Low', 'ProductRelated_Duration_Bin_Short', 'Revenue_Label_Revenue_No'})"
0.07005325686194183,"frozenset({'Weekend_Label_Weekday', 'ExitRates_Bin_Low', 'PageValues_Bin_Low', 'ProductRelated_Duration_Bin_Long', 'ProductRelated_Bin_High'})"
0.06964358869315854,"frozenset({'ProductRelated_Bin_Medium', 'PageValues_Bin_Low', 'BounceRates_Bin_High', 'ProductRelated_Duration_Bin_Medium', 'Revenue_Label_Revenue_No'})"
0.06947972142564522,"frozenset({'ExitRates_Bin_Low', 'Revenue_Label_Revenue_No', 'BounceRates_Bin_Low', 'ProductRelated_Duration_Bin_Short'})"
0.06947972142564522,"frozenset({'ProductRelated_Duration_Bin_Long', 'ExitRates_Bin_High', 'ProductRelated_Bin_High', 'BounceRates_Bin_High'})"
0.0691519868906186,"frozenset({'Weekend_Label_Weekend', 'PageValues_Bin_Low', 'ProductRelated_Duration_Bin_Short'})"
0.068578451454322,"frozenset({'ExitRates_Bin_High', 'ProductRelated_Bin_High', 'BounceRates_Bin_High', 'Weekend_Label_Weekday'})"
0.06833265055305203,"frozenset({'BounceRates_Bin_Low', 'ExitRates_Bin_Low', 'PageValues_Bin_Low', 'ProductRelated_Duration_Bin_Short', 'Revenue_Label_Revenue_No'})"
0.06816878328553871,"frozenset({'ExitRates_Bin_High', 'ProductRelated_Duration_Bin_Medium', 'ProductRelated_Bin_Medium', 'Revenue_Label_Revenue_No'})"
0.0680049160180254,"frozenset({'ProductRelated_Bin_Medium', 'PageValues_Bin_High'})"
0.06784104875051208,"frozenset({'ExitRates_Bin_High', 'Weekend_Label_Weekday', 'PageValues_Bin_Low', 'BounceRates_Bin_High', 'ProductRelated_Duration_Bin_Medium'})"
0.06767718148299877,"frozenset({'ExitRates_Bin_High', 'BounceRates_Bin_High', 'Weekend_Label_Weekend', 'Revenue_Label_Revenue_No'})"
0.06759524784924212,"frozenset({'ProductRelated_Bin_Low', 'ProductRelated_Duration_Bin_Medium'})"
0.06751331421548545,"frozenset({'ExitRates_Bin_High', 'Weekend_Label_Weekday', 'ProductRelated_Duration_Bin_Long', 'BounceRates_Bin_High', 'Revenue_Label_Revenue_No'})"
0.06734944694797214,"frozenset({'ProductRelated_Bin_Medium', 'BounceRates_Bin_Low', 'ExitRates_Bin_Low', 'ProductRelated_Duration_Bin_Medium', 'Revenue_Label_Revenue_No'})"
0.06734944694797214,"frozenset({'Weekend_Label_Weekend', 'ProductRelated_Duration_Bin_Short', 'Revenue_Label_Revenue_No'})"
0.06726751331421549,"frozenset({'PageValues_Bin_High', 'Weekend_Label_Weekday', 'ExitRates_Bin_Low', 'ProductRelated_Duration_Bin_Long', 'ProductRelated_Bin_High'})"
0.06726751331421549,"frozenset({'ExitRates_Bin_High', 'ProductRelated_Bin_High', 'PageValues_Bin_Low', 'Revenue_Label_Revenue_No'})"
0.06718557968045882,"frozenset({'ExitRates_Bin_High', 'PageValues_Bin_Low', 'ProductRelated_Duration_Bin_Long', 'BounceRates_Bin_High', 'Revenue_Label_Revenue_No'})"
0.06718557968045882,"frozenset({'ProductRelated_Duration_Bin_Medium', 'BounceRates_Bin_High', 'ProductRelated_Bin_Medium', 'Weekend_Label_Weekday'})"
0.06693977877918886,"frozenset({'Weekend_Label_Weekday', 'ExitRates_Bin_Low', 'PageValues_Bin_Low', 'BounceRates_Bin_High', 'Revenue_Label_Revenue_No'})"
0.06677591151167554,"frozenset({'ProductRelated_Bin_Low', 'ExitRates_Bin_Low', 'Weekend_Label_Weekday', 'BounceRates_Bin_Low'})"
0.06677591151167554,"frozenset({'Weekend_Label_Weekend', 'PageValues_Bin_Low', 'ProductRelated_Duration_Bin_Short', 'Revenue_Label_Revenue_No'})"
0.06677591151167554,"frozenset({'PageValues_Bin_Low', 'ProductRelated_Bin_High', 'BounceRates_Bin_Low', 'Revenue_Label_Revenue_No'})"
0.06669397787791889,"frozenset({'Weekend_Label_Weekday', 'PageValues_Bin_Low', 'ProductRelated_Duration_Bin_Long', 'ProductRelated_Bin_High', 'BounceRates_Bin_High', 'Revenue_Label_Revenue_No'})"
0.06661204424416223,"frozenset({'ExitRates_Bin_High', 'ProductRelated_Bin_High', 'Weekend_Label_Weekday', 'Revenue_Label_Revenue_No'})"
0.06636624334289226,"frozenset({'ProductRelated_Duration_Bin_Long', 'PageValues_Bin_Low', 'BounceRates_Bin_Low', 'Revenue_Label_Revenue_No'})"
0.0662843097091356,"frozenset({'Weekend_Label_Weekday', 'ProductRelated_Bin_Medium', 'ExitRates_Bin_Low', 'ProductRelated_Duration_Bin_Medium', 'Revenue_Label_Revenue_No'})"
0.0662843097091356,"frozenset({'ExitRates_Bin_High', 'Weekend_Label_Weekday', 'PageValues_Bin_Low', 'BounceRates_Bin_High', 'ProductRelated_Duration_Bin_Medium', 'Revenue_Label_Revenue_No'})"
0.0662843097091356,"frozenset({'Weekend_Label_Weekday', 'ProductRelated_Bin_Medium', 'BounceRates_Bin_Low', 'ExitRates_Bin_Low', 'ProductRelated_Duration_Bin_Medium'})"
0.06620237607537895,"frozenset({'Weekend_Label_Weekday', 'BounceRates_Bin_Low', 'ExitRates_Bin_Low', 'ProductRelated_Bin_High', 'Revenue_Label_Revenue_No'})"
0.06612044244162228,"frozenset({'ExitRates_Bin_Low', 'ProductRelated_Bin_High', 'BounceRates_Bin_Low', 'PageValues_Bin_Low'})"
0.065710774272839,"frozenset({'Weekend_Label_Weekend', 'ProductRelated_Duration_Bin_Medium', 'Revenue_Label_Revenue_No'})"
0.06562884063908234,"frozenset({'Weekend_Label_Weekday', 'ExitRates_Bin_Low', 'ProductRelated_Duration_Bin_Long', 'ProductRelated_Bin_High', 'BounceRates_Bin_High'})"
0.06554690700532569,"frozenset({'ProductRelated_Duration_Bin_Long', 'ExitRates_Bin_High', 'ProductRelated_Bin_High', 'Revenue_Label_Revenue_No'})"
0.06546497337156904,"frozenset({'ExitRates_Bin_Low', 'Weekend_Label_Weekend', 'BounceRates_Bin_Low', 'Revenue_Label_Revenue_No'})"
0.06538303973781237,"frozenset({'BounceRates_Bin_Low', 'ExitRates_Bin_Low', 'ProductRelated_Duration_Bin_Long', 'ProductRelated_Bin_High', 'Revenue_Label_Revenue_No'})"
0.0651372388365424,"frozenset({'ExitRates_Bin_High', 'ProductRelated_Bin_High', 'BounceRates_Bin_High', 'PageValues_Bin_Low'})"
0.0651372388365424,"frozenset({'ProductRelated_Bin_Medium', 'BounceRates_Bin_Low', 'ExitRates_Bin_Low', 'PageValues_Bin_Low', 'ProductRelated_Duration_Bin_Medium'})"
0.0651372388365424,"frozenset({'ExitRates_Bin_Low', 'ProductRelated_Duration_Bin_Long', 'ProductRelated_Bin_High', 'BounceRates_Bin_High', 'Revenue_Label_Revenue_No'})"
0.06489143793527243,"frozenset({'ExitRates_Bin_High', 'PageValues_Bin_Low', 'ProductRelated_Duration_Bin_Medium', 'ProductRelated_Bin_Medium'})"
0.06480950430151577,"frozenset({'ProductRelated_Duration_Bin_Long', 'ProductRelated_Bin_High', 'Weekend_Label_Weekend'})"
0.0645637034002458,"frozenset({'ProductRelated_Duration_Bin_Long', 'Revenue_Label_Revenue_Yes', 'PageValues_Bin_High'})"
0.06439983613273248,"frozenset({'ExitRates_Bin_Low', 'Weekend_Label_Weekday', 'ProductRelated_Duration_Bin_Short'})"
0.06439983613273248,"frozenset({'ExitRates_Bin_Low', 'ProductRelated_Bin_High', 'Revenue_Label_Revenue_Yes'})"
0.06415403523146251,"frozenset({'ExitRates_Bin_Low', 'PageValues_Bin_High', 'Revenue_Label_Revenue_No'})"
0.06390823433019255,"frozenset({'ProductRelated_Duration_Bin_Long', 'ExitRates_Bin_Low', 'Revenue_Label_Revenue_Yes'})"
0.06390823433019255,"frozenset({'ProductRelated_Duration_Bin_Long', 'ProductRelated_Bin_Medium'})"
0.06382630069643588,"frozenset({'ProductRelated_Duration_Bin_Long', 'BounceRates_Bin_Low', 'PageValues_Bin_High'})"
0.06349856616140925,"frozenset({'ProductRelated_Duration_Bin_Long', 'ProductRelated_Bin_High', 'Revenue_Label_Revenue_Yes'})"
0.0634166325276526,"frozenset({'ProductRelated_Duration_Bin_Long', 'PageValues_Bin_High', 'ProductRelated_Bin_High', 'Revenue_Label_Revenue_No'})"
0.0634166325276526,"frozenset({'Weekend_Label_Weekend', 'PageValues_Bin_Low', 'ProductRelated_Duration_Bin_Medium'})"
0.06333469889389594,"frozenset({'Weekend_Label_Weekday', 'ExitRates_Bin_Low', 'PageValues_Bin_Low', 'ProductRelated_Duration_Bin_Long', 'ProductRelated_Bin_High', 'Revenue_Label_Revenue_No'})"
0.06333469889389594,"frozenset({'ProductRelated_Duration_Bin_Long', 'ExitRates_Bin_High', 'PageValues_Bin_Low', 'Weekend_Label_Weekday'})"
0.06308889799262597,"frozenset({'ProductRelated_Bin_High', 'Weekend_Label_Weekend', 'Revenue_Label_Revenue_No'})"
0.06300696435886932,"frozenset({'Weekend_Label_Weekday', 'ProductRelated_Bin_Medium', 'ExitRates_Bin_Low', 'PageValues_Bin_Low', 'ProductRelated_Duration_Bin_Medium'})"
0.06300696435886932,"frozenset({'ProductRelated_Bin_High', 'BounceRates_Bin_Low', 'PageValues_Bin_High'})"
0.06300696435886932,"frozenset({'ExitRates_Bin_High', 'PageValues_Bin_Low', 'BounceRates_Bin_High', 'Weekend_Label_Weekend'})"
0.06300696435886932,"frozenset({'ProductRelated_Bin_Low', 'ExitRates_Bin_Low', 'PageValues_Bin_Low', 'Weekend_Label_Weekday'})"
0.062843097091356,"frozenset({'ProductRelated_Bin_High', 'Revenue_Label_Revenue_Yes', 'PageValues_Bin_High'})"
0.062843097091356,"frozenset({'ProductRelated_Bin_Medium', 'BounceRates_Bin_Low', 'ExitRates_Bin_Low', 'PageValues_Bin_Low', 'ProductRelated_Duration_Bin_Medium', 'Revenue_Label_Revenue_No'})"
0.06276116345759934,"frozenset({'ExitRates_Bin_High', 'ProductRelated_Bin_Medium', 'PageValues_Bin_Low', 'ProductRelated_Duration_Bin_Medium', 'Revenue_Label_Revenue_No'})"
0.06267922982384269,"frozenset({'Weekend_Label_Weekday', 'BounceRates_Bin_Low', 'ExitRates_Bin_Low', 'ProductRelated_Duration_Bin_Long', 'Revenue_Label_Revenue_No'})"
0.06267922982384269,"frozenset({'ProductRelated_Duration_Bin_Long', 'ProductRelated_Bin_High', 'BounceRates_Bin_High', 'PageValues_Bin_High'})"
0.062269561655059404,"frozenset({'Revenue_Label_Revenue_Yes', 'ExitRates_Bin_Low', 'Weekend_Label_Weekday', 'BounceRates_Bin_Low'})"
0.062269561655059404,"frozenset({'ProductRelated_Duration_Bin_Long', 'ExitRates_Bin_Low', 'PageValues_Bin_Low', 'BounceRates_Bin_Low'})"
0.06202376075378943,"frozenset({'ProductRelated_Bin_Low', 'ExitRates_Bin_Low', 'ProductRelated_Duration_Bin_Short'})"
0.06202376075378943,"frozenset({'ExitRates_Bin_High', 'PageValues_Bin_Low', 'ProductRelated_Bin_High', 'BounceRates_Bin_High', 'Revenue_Label_Revenue_No'})"
0.061532158951249485,"frozenset({'BounceRates_Bin_Low', 'ExitRates_Bin_Low', 'PageValues_Bin_Low', 'ProductRelated_Bin_High', 'Revenue_Label_Revenue_No'})"
0.06136829168373617,"frozenset({'ProductRelated_Bin_Low', 'ExitRates_Bin_Low', 'Weekend_Label_Weekday', 'Revenue_Label_Revenue_No'})"
0.06128635804997952,"frozenset({'ProductRelated_Duration_Bin_Medium', 'PageValues_Bin_Low', 'Weekend_Label_Weekend', 'Revenue_Label_Revenue_No'})"
0.06104055714870955,"frozenset({'ProductRelated_Bin_Low', 'Weekend_Label_Weekend', 'ProductRelated_Duration_Bin_Short'})"
0.06095862351495289,"frozenset({'ExitRates_Bin_High', 'PageValues_Bin_Low', 'BounceRates_Bin_High', 'Weekend_Label_Weekend', 'Revenue_Label_Revenue_No'})"
0.06087668988119623,"frozenset({'Weekend_Label_Weekday', 'ProductRelated_Bin_Medium', 'BounceRates_Bin_Low', 'ProductRelated_Duration_Bin_Medium', 'Revenue_Label_Revenue_No'})"
0.060794756247439574,"frozenset({'Weekend_Label_Weekday', 'ProductRelated_Bin_Low', 'ExitRates_Bin_Low', 'PageValues_Bin_Low', 'Revenue_Label_Revenue_No'})"
0.06063088897992626,"frozenset({'Weekend_Label_Weekday', 'ProductRelated_Bin_Medium', 'ExitRates_Bin_Low', 'PageValues_Bin_Low', 'ProductRelated_Duration_Bin_Medium', 'Revenue_Label_Revenue_No'})"
0.0605489553461696,"frozenset({'ExitRates_Bin_Low', 'ProductRelated_Bin_High', 'BounceRates_Bin_Low', 'PageValues_Bin_High'})"
0.0605489553461696,"frozenset({'Revenue_Label_Revenue_Yes', 'Weekend_Label_Weekday', 'BounceRates_Bin_Low', 'PageValues_Bin_High'})"
0.060467021712412944,"frozenset({'ExitRates_Bin_High', 'ProductRelated_Duration_Bin_Long', 'ProductRelated_Bin_High', 'BounceRates_Bin_High', 'Revenue_Label_Revenue_No'})"
0.060385088078656286,"frozenset({'ProductRelated_Duration_Bin_Long', 'ExitRates_Bin_Low', 'BounceRates_Bin_Low', 'PageValues_Bin_High'})"
0.06030315444489963,"frozenset({'ProductRelated_Duration_Bin_Long', 'Weekend_Label_Weekend', 'Revenue_Label_Revenue_No'})"
0.06030315444489963,"frozenset({'ExitRates_Bin_High', 'Weekend_Label_Weekday', 'ProductRelated_Bin_High', 'BounceRates_Bin_High', 'Revenue_Label_Revenue_No'})"
0.06022122081114297,"frozenset({'ExitRates_Bin_Low', 'ProductRelated_Bin_High', 'BounceRates_Bin_High', 'PageValues_Bin_Low'})"
0.06022122081114297,"frozenset({'ExitRates_Bin_Low', 'Weekend_Label_Weekend', 'PageValues_Bin_Low', 'BounceRates_Bin_Low'})"
0.06022122081114297,"frozenset({'ExitRates_Bin_High', 'ProductRelated_Duration_Bin_Medium', 'ProductRelated_Bin_Medium', 'Weekend_Label_Weekday'})"
0.06013928717738632,"frozenset({'BounceRates_Bin_High', 'ExitRates_Bin_High', 'ProductRelated_Duration_Bin_Medium', 'ProductRelated_Bin_Medium'})"
0.06013928717738632,"frozenset({'ExitRates_Bin_High', 'Weekend_Label_Weekday', 'PageValues_Bin_Low', 'ProductRelated_Duration_Bin_Long', 'Revenue_Label_Revenue_No'})"
0.05948381810733306,"frozenset({'Weekend_Label_Weekday', 'ExitRates_Bin_Low', 'ProductRelated_Bin_High', 'BounceRates_Bin_High', 'Revenue_Label_Revenue_No'})"
0.05948381810733306,"frozenset({'Weekend_Label_Weekday', 'ProductRelated_Bin_Medium', 'BounceRates_Bin_High', 'ProductRelated_Duration_Bin_Medium', 'Revenue_Label_Revenue_No'})"
0.0594018844735764,"frozenset({'ExitRates_Bin_Low', 'PageValues_Bin_Low', 'Weekend_Label_Weekday', 'ProductRelated_Duration_Bin_Short'})"
0.05923801720606309,"frozenset({'ProductRelated_Bin_High', 'ProductRelated_Duration_Bin_Medium', 'Revenue_Label_Revenue_No'})"
0.05907414993854977,"frozenset({'ProductRelated_Duration_Bin_Long', 'Weekend_Label_Weekday', 'Revenue_Label_Revenue_Yes'})"
0.058992216304793114,"frozenset({'Weekend_Label_Weekday', 'BounceRates_Bin_Low', 'ProductRelated_Bin_Low', 'ExitRates_Bin_Low', 'PageValues_Bin_Low'})"
0.058992216304793114,"frozenset({'BounceRates_Bin_High', 'Revenue_Label_Revenue_Yes'})"
0.058910282671036464,"frozenset({'ProductRelated_Bin_Low', 'Weekend_Label_Weekend', 'PageValues_Bin_Low', 'ProductRelated_Duration_Bin_Short'})"
0.05866448176976649,"frozenset({'Revenue_Label_Revenue_Yes', 'ProductRelated_Duration_Bin_Medium'})"
0.05866448176976649,"frozenset({'ExitRates_Bin_Low', 'ProductRelated_Bin_High', 'Weekend_Label_Weekend'})"
0.05866448176976649,"frozenset({'Weekend_Label_Weekday', 'ProductRelated_Bin_Medium', 'BounceRates_Bin_Low', 'PageValues_Bin_Low', 'ProductRelated_Duration_Bin_Medium'})"
0.058582548136009834,"frozenset({'ExitRates_Bin_Low', 'Weekend_Label_Weekday', 'BounceRates_Bin_Low', 'ProductRelated_Duration_Bin_Short'})"
0.05841868086849652,"frozenset({'PageValues_Bin_High', 'BounceRates_Bin_High', 'Revenue_Label_Revenue_No'})"
0.0582548136009832,"frozenset({'ExitRates_Bin_Low', 'Weekend_Label_Weekday', 'ProductRelated_Duration_Bin_Short', 'Revenue_Label_Revenue_No'})"
0.058172879967226546,"frozenset({'Weekend_Label_Weekend', 'ProductRelated_Bin_Medium', 'Revenue_Label_Revenue_No'})"
0.05809094633346989,"frozenset({'ExitRates_Bin_High', 'PageValues_Bin_High'})"
0.05800901269971323,"frozenset({'ProductRelated_Bin_Low', 'ExitRates_Bin_Low', 'BounceRates_Bin_Low', 'ProductRelated_Duration_Bin_Short'})"
0.057845145432199915,"frozenset({'BounceRates_Bin_Low', 'ExitRates_Bin_Low', 'PageValues_Bin_Low', 'ProductRelated_Duration_Bin_Long', 'Revenue_Label_Revenue_No'})"
0.05751741089717329,"frozenset({'Weekend_Label_Weekday', 'BounceRates_Bin_Low', 'ProductRelated_Bin_Low', 'ExitRates_Bin_Low', 'Revenue_Label_Revenue_No'})"
0.057435477263416634,"frozenset({'ProductRelated_Duration_Bin_Long', 'ExitRates_Bin_High', 'ProductRelated_Bin_High', 'Weekend_Label_Weekday'})"
0.057435477263416634,"frozenset({'BounceRates_Bin_Low', 'ExitRates_Bin_Low', 'PageValues_Bin_Low', 'Weekend_Label_Weekend', 'Revenue_Label_Revenue_No'})"
0.05735354362965998,"frozenset({'Weekend_Label_Weekday', 'ExitRates_Bin_Low', 'PageValues_Bin_Low', 'ProductRelated_Duration_Bin_Short', 'Revenue_Label_Revenue_No'})"
0.05735354362965998,"frozenset({'ProductRelated_Bin_Low', 'ProductRelated_Duration_Bin_Medium', 'Revenue_Label_Revenue_No'})"
0.05727160999590332,"frozenset({'ProductRelated_Bin_Low', 'ExitRates_Bin_Low', 'PageValues_Bin_Low', 'ProductRelated_Duration_Bin_Short'})"
0.05727160999590332,"frozenset({'ProductRelated_Bin_Low', 'PageValues_Bin_Low', 'ProductRelated_Duration_Bin_Medium'})"
0.057107742728390004,"frozenset({'ProductRelated_Bin_Low', 'Weekend_Label_Weekend', 'ProductRelated_Duration_Bin_Short', 'Revenue_Label_Revenue_No'})"
0.057025809094633347,"frozenset({'ExitRates_Bin_Low', 'BounceRates_Bin_High', 'PageValues_Bin_High'})"
0.05694387546087669,"frozenset({'Weekend_Label_Weekday', 'BounceRates_Bin_Low', 'ProductRelated_Bin_Low', 'ExitRates_Bin_Low', 'PageValues_Bin_Low', 'Revenue_Label_Revenue_No'})"
0.05686194182712003,"frozenset({'ProductRelated_Bin_High', 'Weekend_Label_Weekday', 'Revenue_Label_Revenue_Yes'})"
0.056780008193363374,"frozenset({'ProductRelated_Bin_Low', 'PageValues_Bin_Low', 'ProductRelated_Duration_Bin_Short', 'Weekend_Label_Weekend', 'Revenue_Label_Revenue_No'})"
0.05661614092585006,"frozenset({'Weekend_Label_Weekday', 'ProductRelated_Bin_Medium', 'BounceRates_Bin_Low', 'PageValues_Bin_Low', 'ProductRelated_Duration_Bin_Medium', 'Revenue_Label_Revenue_No'})"
0.055960671855796805,"frozenset({'Weekend_Label_Weekend', 'PageValues_Bin_High'})"
0.05587873822204015,"frozenset({'ProductRelated_Bin_Low', 'PageValues_Bin_Low', 'ProductRelated_Duration_Bin_Medium', 'Revenue_Label_Revenue_No'})"
0.05579680458828349,"frozenset({'Weekend_Label_Weekend', 'PageValues_Bin_Low', 'ProductRelated_Bin_Medium'})"
0.05555100368701352,"frozenset({'ProductRelated_Bin_Low', 'ExitRates_Bin_Low', 'ProductRelated_Duration_Bin_Short', 'Revenue_Label_Revenue_No'})"
0.055305202785743544,"frozenset({'ExitRates_Bin_High', 'Weekend_Label_Weekday', 'PageValues_Bin_Low', 'ProductRelated_Duration_Bin_Long', 'BounceRates_Bin_High'})"
0.055141335518230236,"frozenset({'Weekend_Label_Weekday', 'ProductRelated_Bin_Medium', 'PageValues_Bin_Low', 'BounceRates_Bin_High', 'ProductRelated_Duration_Bin_Medium'})"
0.05505940188447358,"frozenset({'ExitRates_Bin_Low', 'PageValues_Bin_Low', 'ProductRelated_Bin_High', 'BounceRates_Bin_High', 'Revenue_Label_Revenue_No'})"
0.05497746825071692,"frozenset({'ProductRelated_Bin_Low', 'ExitRates_Bin_Low', 'PageValues_Bin_Low', 'ProductRelated_Duration_Bin_Short', 'Revenue_Label_Revenue_No'})"
0.054813600983203606,"frozenset({'ProductRelated_Duration_Bin_Long', 'ExitRates_Bin_Low', 'Weekend_Label_Weekend'})"
0.054813600983203606,"frozenset({'Weekend_Label_Weekday', 'ExitRates_Bin_Low', 'ProductRelated_Duration_Bin_Long', 'BounceRates_Bin_High', 'Revenue_Label_Revenue_No'})"
0.05464973371569029,"frozenset({'ExitRates_Bin_Low', 'ProductRelated_Bin_High', 'Revenue_Label_Revenue_Yes', 'PageValues_Bin_High'})"
0.05456780008193363,"frozenset({'PageValues_Bin_High', 'Weekend_Label_Weekday', 'BounceRates_Bin_Low', 'ExitRates_Bin_Low', 'Revenue_Label_Revenue_Yes'})"
0.05456780008193363,"frozenset({'ProductRelated_Duration_Bin_Long', 'ExitRates_Bin_Low', 'Revenue_Label_Revenue_Yes', 'PageValues_Bin_High'})"
0.05456780008193363,"frozenset({'Weekend_Label_Weekday', 'ProductRelated_Duration_Bin_Medium', 'PageValues_Bin_High'})"
0.05440393281442032,"frozenset({'ProductRelated_Bin_Low', 'ExitRates_Bin_High', 'Weekend_Label_Weekend'})"
0.05440393281442032,"frozenset({'ProductRelated_Duration_Bin_Long', 'PageValues_Bin_Low', 'Weekend_Label_Weekday', 'BounceRates_Bin_Low'})"
0.05432199918066366,"frozenset({'ProductRelated_Bin_High', 'Weekend_Label_Weekday', 'ProductRelated_Duration_Bin_Medium'})"
0.054240065546907,"frozenset({'ExitRates_Bin_High', 'ProductRelated_Bin_Medium', 'BounceRates_Bin_High', 'ProductRelated_Duration_Bin_Medium', 'Revenue_Label_Revenue_No'})"
0.054158131913150345,"frozenset({'ProductRelated_Duration_Bin_Long', 'PageValues_Bin_High', 'Weekend_Label_Weekday', 'Revenue_Label_Revenue_No'})"
0.05407619827939369,"frozenset({'ExitRates_Bin_High', 'Weekend_Label_Weekday', 'ProductRelated_Bin_Medium', 'ProductRelated_Duration_Bin_Medium', 'Revenue_Label_Revenue_No'})"
0.05407619827939369,"frozenset({'ExitRates_Bin_High', 'ProductRelated_Bin_High', 'Weekend_Label_Weekday', 'PageValues_Bin_Low'})"
0.053748463744367064,"frozenset({'Weekend_Label_Weekday', 'BounceRates_Bin_Low', 'ExitRates_Bin_Low', 'PageValues_Bin_Low', 'ProductRelated_Duration_Bin_Short'})"
0.053748463744367064,"frozenset({'ProductRelated_Bin_Medium', 'ProductRelated_Duration_Bin_Short'})"
0.05366653011061041,"frozenset({'ProductRelated_Bin_High', 'Weekend_Label_Weekday', 'BounceRates_Bin_Low', 'PageValues_Bin_Low'})"
0.05366653011061041,"frozenset({'ExitRates_Bin_Low', 'ProductRelated_Duration_Bin_Medium', 'PageValues_Bin_High'})"
0.05366653011061041,"frozenset({'Weekend_Label_Weekend', 'PageValues_Bin_Low', 'ProductRelated_Bin_Medium', 'Revenue_Label_Revenue_No'})"
0.05358459647685375,"frozenset({'ProductRelated_Duration_Bin_Long', 'Weekend_Label_Weekday', 'BounceRates_Bin_High', 'PageValues_Bin_High'})"
0.05358459647685375,"frozenset({'ProductRelated_Duration_Bin_Long', 'ExitRates_Bin_Low', 'PageValues_Bin_Low', 'BounceRates_Bin_High'})"
0.05358459647685375,"frozenset({'Revenue_Label_Revenue_Yes', 'ProductRelated_Bin_Medium'})"
0.05350266284309709,"frozenset({'ProductRelated_Duration_Bin_Long', 'ExitRates_Bin_Low', 'ProductRelated_Bin_High', 'Revenue_Label_Revenue_Yes'})"
0.053420729209340434,"frozenset({'Weekend_Label_Weekday', 'ProductRelated_Bin_Medium', 'PageValues_Bin_Low', 'BounceRates_Bin_High', 'ProductRelated_Duration_Bin_Medium', 'Revenue_Label_Revenue_No'})"
0.053338795575583776,"frozenset({'BounceRates_Bin_Low', 'ProductRelated_Bin_Low', 'ExitRates_Bin_Low', 'PageValues_Bin_Low', 'ProductRelated_Duration_Bin_Short'})"
0.05325686194182712,"frozenset({'PageValues_Bin_High', 'ProductRelated_Bin_High', 'Weekend_Label_Weekday', 'Revenue_Label_Revenue_No'})"
0.05276526013928718,"frozenset({'Weekend_Label_Weekday', 'BounceRates_Bin_Low', 'ExitRates_Bin_Low', 'ProductRelated_Duration_Bin_Short', 'Revenue_Label_Revenue_No'})"
0.05268332650553052,"frozenset({'Weekend_Label_Weekday', 'BounceRates_Bin_Low', 'ProductRelated_Duration_Bin_Long', 'ProductRelated_Bin_High', 'Revenue_Label_Revenue_No'})"
0.052601392871773865,"frozenset({'ExitRates_Bin_High', 'Weekend_Label_Weekday', 'PageValues_Bin_Low', 'ProductRelated_Duration_Bin_Long', 'BounceRates_Bin_High', 'Revenue_Label_Revenue_No'})"
0.05251945923801721,"frozenset({'ProductRelated_Bin_Low', 'ExitRates_Bin_High', 'PageValues_Bin_Low', 'Weekend_Label_Weekend'})"
0.05243752560426055,"frozenset({'ExitRates_Bin_High', 'Weekend_Label_Weekday', 'ProductRelated_Duration_Bin_Long', 'ProductRelated_Bin_High', 'BounceRates_Bin_High'})"
0.052273658336747235,"frozenset({'ProductRelated_Bin_High', 'ProductRelated_Duration_Bin_Medium', 'PageValues_Bin_Low'})"
0.05210979106923392,"frozenset({'ExitRates_Bin_Low', 'Weekend_Label_Weekend', 'ProductRelated_Duration_Bin_Medium'})"
0.051945923801720605,"frozenset({'ProductRelated_Duration_Bin_Long', 'ProductRelated_Bin_High', 'BounceRates_Bin_Low', 'PageValues_Bin_High'})"
0.05186399016796395,"frozenset({'Weekend_Label_Weekday', 'ProductRelated_Bin_High', 'BounceRates_Bin_High', 'PageValues_Bin_High'})"
0.05186399016796395,"frozenset({'Weekend_Label_Weekday', 'BounceRates_Bin_Low', 'ExitRates_Bin_Low', 'PageValues_Bin_Low', 'ProductRelated_Duration_Bin_Short', 'Revenue_Label_Revenue_No'})"
0.05178205653420729,"frozenset({'BounceRates_Bin_Low', 'ProductRelated_Bin_Low', 'ExitRates_Bin_Low', 'ProductRelated_Duration_Bin_Short', 'Revenue_Label_Revenue_No'})"
0.051454321999180666,"frozenset({'ExitRates_Bin_High', 'Weekend_Label_Weekday', 'PageValues_Bin_Low', 'ProductRelated_Bin_High', 'Revenue_Label_Revenue_No'})"
0.051454321999180666,"frozenset({'ExitRates_Bin_High', 'ProductRelated_Bin_Medium', 'PageValues_Bin_Low', 'BounceRates_Bin_High', 'ProductRelated_Duration_Bin_Medium'})"
0.05120852109791069,"frozenset({'ProductRelated_Duration_Bin_Long', 'ExitRates_Bin_High', 'ProductRelated_Bin_High', 'PageValues_Bin_Low'})"
0.05120852109791069,"frozenset({'ProductRelated_Duration_Bin_Long', 'ProductRelated_Bin_High', 'Revenue_Label_Revenue_Yes', 'PageValues_Bin_High'})"
0.05120852109791069,"frozenset({'Weekend_Label_Weekday', 'ProductRelated_Bin_Medium', 'PageValues_Bin_High'})"
0.05120852109791069,"frozenset({'ProductRelated_Bin_Low', 'ExitRates_Bin_High', 'Weekend_Label_Weekend', 'Revenue_Label_Revenue_No'})"
0.05120852109791069,"frozenset({'BounceRates_Bin_Low', 'ProductRelated_Bin_Low', 'ExitRates_Bin_Low', 'PageValues_Bin_Low', 'ProductRelated_Duration_Bin_Short', 'Revenue_Label_Revenue_No'})"
0.051126587464154036,"frozenset({'PageValues_Bin_Low', 'ProductRelated_Bin_High', 'ProductRelated_Duration_Bin_Medium', 'Revenue_Label_Revenue_No'})"
0.05104465383039738,"frozenset({'ExitRates_Bin_Low', 'PageValues_Bin_High', 'ProductRelated_Bin_High', 'Revenue_Label_Revenue_No'})"
0.05104465383039738,"frozenset({'ProductRelated_Bin_Low', 'Weekend_Label_Weekday', 'ProductRelated_Duration_Bin_Medium'})"
0.05096272019664072,"frozenset({'Revenue_Label_Revenue_Yes', 'ProductRelated_Duration_Bin_Medium', 'PageValues_Bin_High'})"
0.050798852929127405,"frozenset({'ExitRates_Bin_High', 'ProductRelated_Bin_Low', 'PageValues_Bin_Low', 'Weekend_Label_Weekend', 'Revenue_Label_Revenue_No'})"
0.050798852929127405,"frozenset({'ExitRates_Bin_High', 'Weekend_Label_Weekday', 'ProductRelated_Bin_Medium', 'PageValues_Bin_Low', 'ProductRelated_Duration_Bin_Medium'})"
0.05063498566161409,"frozenset({'Weekend_Label_Weekday', 'BounceRates_Bin_Low', 'PageValues_Bin_Low', 'ProductRelated_Duration_Bin_Long', 'Revenue_Label_Revenue_No'})"
0.05055305202785743,"frozenset({'PageValues_Bin_Low', 'ProductRelated_Bin_Medium', 'ProductRelated_Duration_Bin_Short'})"
0.050471118394100775,"frozenset({'ProductRelated_Duration_Bin_Long', 'Weekend_Label_Weekday', 'ProductRelated_Bin_Medium'})"
0.05030725112658747,"frozenset({'Revenue_Label_Revenue_No', 'ProductRelated_Bin_Medium', 'ProductRelated_Duration_Bin_Short'})"
0.05022531749283081,"frozenset({'ProductRelated_Duration_Bin_Long', 'ProductRelated_Bin_High', 'BounceRates_Bin_Low', 'PageValues_Bin_Low'})"
0.05022531749283081,"frozenset({'Weekend_Label_Weekday', 'BounceRates_Bin_Low', 'PageValues_Bin_Low', 'ProductRelated_Bin_High', 'Revenue_Label_Revenue_No'})"
0.05022531749283081,"frozenset({'ExitRates_Bin_High', 'Weekend_Label_Weekend', 'ProductRelated_Duration_Bin_Short'})"
0.05022531749283081,"frozenset({'PageValues_Bin_High', 'BounceRates_Bin_Low', 'ExitRates_Bin_Low', 'ProductRelated_Duration_Bin_Long', 'ProductRelated_Bin_High'})"
0.05014338385907415,"frozenset({'ProductRelated_Duration_Bin_Long', 'ExitRates_Bin_Low', 'PageValues_Bin_High', 'Revenue_Label_Revenue_No'})"
